ts,time,wall_time,mp_count.O+,real_count.O+,px.O+,py.O+,pz.O+,KE.O+,PE,E_total
0,1e-07,1.51119,2800,280000,0,0,5.21226e-17,1.82597e-13,5.85734e-12,6.03993e-12
1,2e-07,1.83933,5600,560000,-9.45348e-27,8.79585e-27,1.04341e-16,3.65865e-13,5.8563e-12,6.22216e-12
2,3e-07,2.17277,8400,840000,-1.04191e-25,3.06473e-26,1.56654e-16,5.49798e-13,5.85474e-12,6.40454e-12
3,4e-07,2.52598,11200,1.12e+06,-4.94143e-25,8.48537e-26,2.0906e-16,7.34393e-13,5.85266e-12,6.58705e-12
4,5e-07,2.89901,14000,1.4e+06,-1.56675e-24,1.88568e-25,2.6156e-16,9.19643e-13,5.85007e-12,6.76971e-12
5,6e-07,3.29255,16800,1.68e+06,-3.77799e-24,3.30166e-25,3.14152e-16,1.10554e-12,5.84696e-12,6.9525e-12
6,7e-07,3.68815,19600,1.96e+06,-7.70159e-24,3.50198e-25,3.66834e-16,1.29208e-12,5.84335e-12,7.13544e-12
7,8e-07,4.10421,22400,2.24e+06,-1.35729e-23,1.35596e-25,4.19606e-16,1.47926e-12,5.83925e-12,7.3185e-12
8,9e-07,4.55762,25200,2.52e+06,-2.18728e-23,-6.59331e-25,4.72466e-16,1.66706e-12,5.83465e-12,7.50171e-12
9,1e-06,4.98979,28000,2.8e+06,-3.30709e-23,-2.29068e-24,5.25412e-16,1.85547e-12,5.82957e-12,7.68505e-12
10,1.1e-06,5.43543,30800,3.08e+06,-4.8665e-23,-4.7209e-24,5.78444e-16,2.0445e-12,5.82402e-12,7.86852e-12
11,1.2e-06,5.88736,33600,3.36e+06,-6.9686e-23,-8.17728e-24,6.3156e-16,2.23412e-12,5.81801e-12,8.05213e-12
12,1.3e-06,6.36737,36400,3.64e+06,-9.61638e-23,-1.16794e-23,6.84759e-16,2.42434e-12,5.81155e-12,8.23589e-12
13,1.4e-06,6.8282,39200,3.92e+06,-1.29851e-22,-1.47912e-23,7.38039e-16,2.61514e-12,5.80465e-12,8.41979e-12
14,1.5e-06,7.30809,42000,4.2e+06,-1.72219e-22,-1.77958e-23,7.91399e-16,2.80651e-12,5.79763e-12,8.60414e-12
15,1.6e-06,7.78319,44800,4.48e+06,-2.22464e-22,-2.22905e-23,8.44838e-16,2.99845e-12,5.79052e-12,8.78897e-12
16,1.7e-06,8.25551,47600,4.76e+06,-2.78107e-22,-2.76781e-23,8.98355e-16,3.19096e-12,5.78332e-12,8.97428e-12
17,1.8e-06,8.75604,50400,5.04e+06,-3.36047e-22,-3.60956e-23,9.51951e-16,3.38403e-12,5.77604e-12,9.16007e-12
18,1.9e-06,9.27092,53200,5.32e+06,-3.96895e-22,-4.96437e-23,1.00562e-15,3.57765e-12,5.76868e-12,9.34633e-12
19,2e-06,9.81159,56000,5.6e+06,-4.59836e-22,-6.79072e-23,1.05937e-15,3.77182e-12,5.76123e-12,9.53305e-12
20,2.1e-06,10.3123,58800,5.88e+06,-5.27876e-22,-9.10682e-23,1.11319e-15,3.96654e-12,5.75369e-12,9.72023e-12
21,2.2e-06,10.879,61600,6.16e+06,-6.0549e-22,-1.21208e-22,1.16709e-15,4.1618e-12,5.74606e-12,9.90786e-12
22,2.3e-06,11.4217,64400,6.44e+06,-6.93036e-22,-1.59739e-22,1.22106e-15,4.3576e-12,5.73835e-12,1.00959e-11
23,2.4e-06,11.9622,67200,6.72e+06,-7.91968e-22,-2.07875e-22,1.27511e-15,4.55393e-12,5.73054e-12,1.02845e-11
24,2.5e-06,12.5175,70000,7e+06,-8.99797e-22,-2.69227e-22,1.32923e-15,4.75078e-12,5.72266e-12,1.04734e-11
25,2.6e-06,13.0497,72800,7.28e+06,-1.01791e-21,-3.45619e-22,1.38342e-15,4.94817e-12,5.71469e-12,1.06629e-11
26,2.7e-06,13.6006,75600,7.56e+06,-1.1524e-21,-4.37934e-22,1.43768e-15,5.14607e-12,5.70665e-12,1.08527e-11
27,2.8e-06,14.1242,78400,7.84e+06,-1.30223e-21,-5.47582e-22,1.49201e-15,5.34448e-12,5.69853e-12,1.1043e-11
28,2.9e-06,14.6873,81200,8.12e+06,-1.47067e-21,-6.74055e-22,1.54641e-15,5.54341e-12,5.69019e-12,1.12336e-11
29,3e-06,15.2466,84000,8.4e+06,-1.65559e-21,-8.17332e-22,1.60088e-15,5.74284e-12,5.68165e-12,1.14245e-11
30,3.1e-06,15.8244,86800,8.68e+06,-1.85892e-21,-9.75857e-22,1.65541e-15,5.94277e-12,5.6729e-12,1.16157e-11
31,3.2e-06,16.4036,89600,8.96e+06,-2.07809e-21,-1.14929e-21,1.71002e-15,6.1432e-12,5.66395e-12,1.18071e-11
32,3.3e-06,16.9457,92400,9.24e+06,-2.30724e-21,-1.3347e-21,1.76469e-15,6.34412e-12,5.65479e-12,1.19989e-11
33,3.4e-06,17.5034,95200,9.52e+06,-2.54891e-21,-1.53195e-21,1.81943e-15,6.54552e-12,5.64544e-12,1.2191e-11
34,3.5e-06,18.0561,98000,9.8e+06,-2.79844e-21,-1.73817e-21,1.87423e-15,6.74741e-12,5.6359e-12,1.23833e-11
35,3.6e-06,18.6715,100800,1.008e+07,-3.05416e-21,-1.94943e-21,1.92909e-15,6.94977e-12,5.62617e-12,1.25759e-11
36,3.7e-06,19.2221,103600,1.036e+07,-3.32208e-21,-2.16534e-21,1.98402e-15,7.1526e-12,5.61625e-12,1.27688e-11
37,3.8e-06,19.7782,106400,1.064e+07,-3.6046e-21,-2.38482e-21,2.03901e-15,7.35589e-12,5.60615e-12,1.2962e-11
38,3.9e-06,20.3708,109200,1.092e+07,-3.89773e-21,-2.60811e-21,2.09407e-15,7.55965e-12,5.59588e-12,1.31555e-11
39,4e-06,20.9247,112000,1.12e+07,-4.20344e-21,-2.83895e-21,2.14918e-15,7.76386e-12,5.58544e-12,1.33493e-11
40,4.1e-06,21.5225,114800,1.148e+07,-4.53103e-21,-3.087e-21,2.20436e-15,7.96853e-12,5.57482e-12,1.35433e-11
41,4.2e-06,22.1602,117600,1.176e+07,-4.88239e-21,-3.35273e-21,2.25959e-15,8.17364e-12,5.56405e-12,1.37377e-11
42,4.3e-06,22.7404,120400,1.204e+07,-5.25461e-21,-3.63072e-21,2.31489e-15,8.37919e-12,5.55313e-12,1.39323e-11
43,4.4e-06,23.3298,123200,1.232e+07,-5.6488e-21,-3.91772e-21,2.37024e-15,8.58518e-12,5.54205e-12,1.41272e-11
44,4.5e-06,23.9073,126000,1.26e+07,-6.0642e-21,-4.21272e-21,2.42565e-15,8.7916e-12,5.53083e-12,1.43224e-11
45,4.6e-06,24.5064,128800,1.288e+07,-6.4996e-21,-4.51157e-21,2.48111e-15,8.99846e-12,5.51945e-12,1.45179e-11
46,4.7e-06,25.0967,131600,1.316e+07,-6.95392e-21,-4.81218e-21,2.53664e-15,9.20573e-12,5.50792e-12,1.47137e-11
47,4.8e-06,25.685,134400,1.344e+07,-7.42658e-21,-5.11144e-21,2.59222e-15,9.41343e-12,5.49626e-12,1.49097e-11
48,4.9e-06,26.3065,137200,1.372e+07,-7.92343e-21,-5.40742e-21,2.64785e-15,9.62154e-12,5.48444e-12,1.5106e-11
49,5e-06,26.9423,140000,1.4e+07,-8.44204e-21,-5.69661e-21,2.70354e-15,9.83006e-12,5.47249e-12,1.53026e-11
50,5.1e-06,27.5348,142800,1.428e+07,-8.97491e-21,-5.9721e-21,2.75928e-15,1.0039e-11,5.46039e-12,1.54994e-11
51,5.2e-06,28.1151,145600,1.456e+07,-9.51731e-21,-6.23778e-21,2.81507e-15,1.02483e-11,5.44817e-12,1.56965e-11
52,5.3e-06,28.7058,148400,1.484e+07,-1.00684e-20,-6.49423e-21,2.87092e-15,1.04581e-11,5.43582e-12,1.58939e-11
53,5.4e-06,29.2885,151200,1.512e+07,-1.06356e-20,-6.7342e-21,2.92682e-15,1.06682e-11,5.42335e-12,1.60915e-11
54,5.5e-06,29.8952,154000,1.54e+07,-1.12177e-20,-6.96387e-21,2.98277e-15,1.08787e-11,5.41076e-12,1.62894e-11
55,5.6e-06,30.4915,156800,1.568e+07,-1.18171e-20,-7.18937e-21,3.03877e-15,1.10896e-11,5.39806e-12,1.64876e-11
56,5.7e-06,31.0814,159600,1.596e+07,-1.24388e-20,-7.41169e-21,3.09482e-15,1.13009e-11,5.38525e-12,1.66861e-11
57,5.8e-06,31.6808,162400,1.624e+07,-1.30809e-20,-7.62997e-21,3.15092e-15,1.15125e-11,5.37233e-12,1.68848e-11
58,5.9e-06,32.2697,165200,1.652e+07,-1.37384e-20,-7.83966e-21,3.20707e-15,1.17245e-11,5.3593e-12,1.70838e-11
59,6e-06,32.8728,168000,1.68e+07,-1.44148e-20,-8.04327e-21,3.26326e-15,1.19369e-11,5.34616e-12,1.72831e-11
60,6.1e-06,33.473,170800,1.708e+07,-1.51093e-20,-8.23616e-21,3.3195e-15,1.21497e-11,5.33291e-12,1.74826e-11
61,6.2e-06,34.1229,173600,1.736e+07,-1.58205e-20,-8.42106e-21,3.37579e-15,1.23628e-11,5.31955e-12,1.76824e-11
62,6.3e-06,34.7341,176400,1.764e+07,-1.65537e-20,-8.59e-21,3.43213e-15,1.25763e-11,5.3061e-12,1.78824e-11
63,6.4e-06,35.3588,179200,1.792e+07,-1.73138e-20,-8.73594e-21,3.48851e-15,1.27902e-11,5.29255e-12,1.80827e-11
64,6.5e-06,35.9881,182000,1.82e+07,-1.81021e-20,-8.86593e-21,3.54494e-15,1.30043e-11,5.27892e-12,1.82833e-11
65,6.6e-06,36.6241,184800,1.848e+07,-1.89293e-20,-8.98554e-21,3.60141e-15,1.32189e-11,5.26519e-12,1.84841e-11
66,6.7e-06,37.2521,187600,1.876e+07,-1.98064e-20,-9.10405e-21,3.65793e-15,1.34337e-11,5.25137e-12,1.86851e-11
67,6.8e-06,37.8778,190400,1.904e+07,-2.07309e-20,-9.21961e-21,3.71449e-15,1.3649e-11,5.23747e-12,1.88864e-11
68,6.9e-06,38.4955,193200,1.932e+07,-2.16957e-20,-9.33149e-21,3.77109e-15,1.38645e-11,5.2235e-12,1.9088e-11
69,7e-06,39.1205,196000,1.96e+07,-2.2697e-20,-9.44146e-21,3.82774e-15,1.40804e-11,5.20945e-12,1.92898e-11
70,7.1e-06,39.744,198800,1.988e+07,-2.37362e-20,-9.556e-21,3.88443e-15,1.42966e-11,5.19532e-12,1.94919e-11
71,7.2e-06,40.364,201600,2.016e+07,-2.48141e-20,-9.6809e-21,3.94116e-15,1.45131e-11,5.18111e-12,1.96942e-11
72,7.3e-06,40.9981,204400,2.044e+07,-2.59278e-20,-9.81078e-21,3.99792e-15,1.473e-11,5.16682e-12,1.98968e-11
73,7.4e-06,41.6983,207200,2.072e+07,-2.70731e-20,-9.9353e-21,4.05473e-15,1.49471e-11,5.15247e-12,2.00996e-11
74,7.5e-06,42.3305,210000,2.1e+07,-2.82567e-20,-1.00585e-20,4.11158e-15,1.51646e-11,5.13804e-12,2.03026e-11
75,7.6e-06,42.9507,212800,2.128e+07,-2.94775e-20,-1.01842e-20,4.16847e-15,1.53824e-11,5.12354e-12,2.05059e-11
76,7.7e-06,43.5801,215600,2.156e+07,-3.07366e-20,-1.0313e-20,4.2254e-15,1.56005e-11,5.10898e-12,2.07095e-11
77,7.8e-06,44.1919,218400,2.184e+07,-3.20363e-20,-1.04555e-20,4.28237e-15,1.58189e-11,5.09436e-12,2.09132e-11
78,7.9e-06,44.8345,221200,2.212e+07,-3.33765e-20,-1.06164e-20,4.33937e-15,1.60376e-11,5.07968e-12,2.11172e-11
79,8e-06,45.4632,224000,2.24e+07,-3.47628e-20,-1.07898e-20,4.39641e-15,1.62565e-11,5.06494e-12,2.13215e-11
80,8.1e-06,46.0822,226800,2.268e+07,-3.62017e-20,-1.09804e-20,4.45349e-15,1.64758e-11,5.05016e-12,2.1526e-11
81,8.2e-06,46.8011,229600,2.296e+07,-3.76855e-20,-1.11919e-20,4.51061e-15,1.66954e-11,5.03533e-12,2.17307e-11
82,8.3e-06,47.4358,232400,2.324e+07,-3.92055e-20,-1.14239e-20,4.56776e-15,1.69152e-11,5.02044e-12,2.19357e-11
83,8.4e-06,48.081,235200,2.352e+07,-4.07508e-20,-1.16799e-20,4.62495e-15,1.71354e-11,5.00551e-12,2.21409e-11
84,8.5e-06,48.7184,238000,2.38e+07,-4.2319e-20,-1.19573e-20,4.68217e-15,1.73558e-11,4.99053e-12,2.23463e-11
85,8.6e-06,49.3784,240800,2.408e+07,-4.39116e-20,-1.22463e-20,4.73942e-15,1.75765e-11,4.9755e-12,2.2552e-11
86,8.7e-06,50.0102,243599,2.43599e+07,-4.55287e-20,-1.25414e-20,4.7967e-15,1.77974e-11,4.96042e-12,2.27578e-11
87,8.8e-06,50.662,246399,2.46399e+07,-4.71754e-20,-1.2852e-20,4.85402e-15,1.80186e-11,4.9453e-12,2.29639e-11
88,8.9e-06,51.3119,249199,2.49199e+07,-4.88547e-20,-1.31855e-20,4.91138e-15,1.82401e-11,4.93014e-12,2.31703e-11
89,9e-06,51.9741,251999,2.51999e+07,-5.05671e-20,-1.35428e-20,4.96877e-15,1.84619e-11,4.91493e-12,2.33768e-11
90,9.1e-06,52.6111,254799,2.54799e+07,-5.23141e-20,-1.39214e-20,5.02619e-15,1.86839e-11,4.89969e-12,2.35836e-11
91,9.2e-06,53.2703,257599,2.57599e+07,-5.41055e-20,-1.43219e-20,5.08364e-15,1.89062e-11,4.88442e-12,2.37906e-11
92,9.3e-06,53.9379,260399,2.60399e+07,-5.59499e-20,-1.47428e-20,5.14113e-15,1.91287e-11,4.86911e-12,2.39978e-11
93,9.4e-06,54.5743,263199,2.63199e+07,-5.78507e-20,-1.51718e-20,5.19865e-15,1.93515e-11,4.85378e-12,2.42053e-11
94,9.5e-06,55.2083,265999,2.65999e+07,-5.98016e-20,-1.5605e-20,5.2562e-15,1.95746e-11,4.83842e-12,2.4413e-11
95,9.6e-06,55.8317,268799,2.68799e+07,-6.18068e-20,-1.60426e-20,5.31377e-15,1.97978e-11,4.82302e-12,2.46209e-11
96,9.7e-06,56.4871,271599,2.71599e+07,-6.38608e-20,-1.64821e-20,5.37138e-15,2.00214e-11,4.8076e-12,2.4829e-11
97,9.8e-06,57.1474,274399,2.74399e+07,-6.59557e-20,-1.6922e-20,5.42902e-15,2.02451e-11,4.79215e-12,2.50373e-11
98,9.9e-06,57.7691,277199,2.77199e+07,-6.80974e-20,-1.73674e-20,5.48669e-15,2.04691e-11,4.77667e-12,2.52458e-11
99,1e-05,58.3974,279999,2.79999e+07,-7.02959e-20,-1.7818e-20,5.54438e-15,2.06934e-11,4.76117e-12,2.54545e-11
100,1.01e-05,59.0364,282799,2.82799e+07,-7.25522e-20,-1.82718e-20,5.60211e-15,2.09178e-11,4.74563e-12,2.56635e-11
101,1.02e-05,59.7382,285599,2.85599e+07,-7.48612e-20,-1.87305e-20,5.65986e-15,2.11425e-11,4.73007e-12,2.58726e-11
102,1.03e-05,60.3994,288399,2.88399e+07,-7.72241e-20,-1.92033e-20,5.71764e-15,2.13675e-11,4.7145e-12,2.6082e-11
103,1.04e-05,61.0507,291199,2.91199e+07,-7.96447e-20,-1.96915e-20,5.77544e-15,2.15926e-11,4.6989e-12,2.62915e-11
104,1.05e-05,61.7195,293999,2.93999e+07,-8.2116e-20,-2.01809e-20,5.83328e-15,2.1818e-11,4.6833e-12,2.65013e-11
105,1.06e-05,62.3685,296799,2.96799e+07,-8.46414e-20,-2.06711e-20,5.89114e-15,2.20435e-11,4.66768e-12,2.67112e-11
106,1.07e-05,63.0186,299599,2.99599e+07,-8.72228e-20,-2.11596e-20,5.94902e-15,2.22693e-11,4.65205e-12,2.69214e-11
107,1.08e-05,63.6902,302399,3.02399e+07,-8.98538e-20,-2.16494e-20,6.00693e-15,2.24953e-11,4.6364e-12,2.71318e-11
108,1.09e-05,64.373,305198,3.05198e+07,-9.25328e-20,-2.21368e-20,6.06485e-15,2.27215e-11,4.62075e-12,2.73422e-11
109,1.1e-05,65.0285,307998,3.07998e+07,-9.5248e-20,-2.26183e-20,6.12281e-15,2.29479e-11,4.60508e-12,2.7553e-11
110,1.11e-05,65.6746,310798,3.10798e+07,-9.80027e-20,-2.30917e-20,6.1808e-15,2.31745e-11,4.5894e-12,2.77639e-11
111,1.12e-05,66.3247,313598,3.13598e+07,-1.00807e-19,-2.35555e-20,6.23881e-15,2.34014e-11,4.5737e-12,2.79751e-11
112,1.13e-05,67.008,316398,3.16398e+07,-1.03664e-19,-2.40157e-20,6.29684e-15,2.36284e-11,4.558e-12,2.81864e-11
113,1.14e-05,67.6413,319197,3.19197e+07,-1.06564e-19,-2.44641e-20,6.35488e-15,2.38556e-11,4.54228e-12,2.83978e-11
114,1.15e-05,68.2725,321997,3.21997e+07,-1.09499e-19,-2.48938e-20,6.41296e-15,2.4083e-11,4.52656e-12,2.86095e-11
115,1.16e-05,68.9116,324797,3.24797e+07,-1.12466e-19,-2.53092e-20,6.47107e-15,2.43106e-11,4.51084e-12,2.88214e-11
116,1.17e-05,69.5439,327597,3.27597e+07,-1.15464e-19,-2.56995e-20,6.52919e-15,2.45384e-11,4.49511e-12,2.90335e-11
117,1.18e-05,70.1801,330397,3.30397e+07,-1.18488e-19,-2.60645e-20,6.58734e-15,2.47664e-11,4.47939e-12,2.92458e-11
118,1.19e-05,70.8149,333197,3.33197e+07,-1.21542e-19,-2.64147e-20,6.64551e-15,2.49945e-11,4.46367e-12,2.94582e-11
119,1.2e-05,71.4573,335997,3.35997e+07,-1.24624e-19,-2.675e-20,6.7037e-15,2.52229e-11,4.44794e-12,2.96708e-11
120,1.21e-05,72.1032,338797,3.38797e+07,-1.27719e-19,-2.70628e-20,6.76192e-15,2.54514e-11,4.43222e-12,2.98836e-11
121,1.22e-05,72.7978,341596,3.41596e+07,-1.30815e-19,-2.73501e-20,6.82013e-15,2.56801e-11,4.41649e-12,3.00966e-11
122,1.23e-05,73.4481,344395,3.44395e+07,-1.33911e-19,-2.76098e-20,6.87837e-15,2.59089e-11,4.40076e-12,3.03096e-11
123,1.24e-05,74.1166,347195,3.47195e+07,-1.37006e-19,-2.78444e-20,6.93664e-15,2.61379e-11,4.38503e-12,3.0523e-11
124,1.25e-05,74.7647,349995,3.49995e+07,-1.40104e-19,-2.80599e-20,6.99494e-15,2.63672e-11,4.3693e-12,3.07365e-11
125,1.26e-05,75.4187,352795,3.52795e+07,-1.43198e-19,-2.82596e-20,7.05325e-15,2.65965e-11,4.35357e-12,3.09501e-11
126,1.27e-05,76.0825,355595,3.55595e+07,-1.46286e-19,-2.84273e-20,7.11159e-15,2.68261e-11,4.33785e-12,3.1164e-11
127,1.28e-05,76.7545,358395,3.58395e+07,-1.49368e-19,-2.85679e-20,7.16994e-15,2.70558e-11,4.32212e-12,3.1378e-11
128,1.29e-05,77.4143,361195,3.61195e+07,-1.52459e-19,-2.86831e-20,7.22831e-15,2.72857e-11,4.30641e-12,3.15921e-11
129,1.3e-05,78.0418,363995,3.63995e+07,-1.5555e-19,-2.87656e-20,7.2867e-15,2.75158e-11,4.29071e-12,3.18065e-11
130,1.31e-05,78.7051,366795,3.66795e+07,-1.58635e-19,-2.88125e-20,7.34511e-15,2.7746e-11,4.27502e-12,3.2021e-11
131,1.32e-05,79.3807,369595,3.69595e+07,-1.61713e-19,-2.88177e-20,7.40354e-15,2.79763e-11,4.25934e-12,3.22357e-11
132,1.33e-05,80.0353,372395,3.72395e+07,-1.64789e-19,-2.8787e-20,7.46198e-15,2.82068e-11,4.24366e-12,3.24505e-11
133,1.34e-05,80.7167,375195,3.75195e+07,-1.67865e-19,-2.87131e-20,7.52044e-15,2.84375e-11,4.228e-12,3.26655e-11
134,1.35e-05,81.3769,377995,3.77995e+07,-1.70943e-19,-2.86064e-20,7.57892e-15,2.86683e-11,4.21234e-12,3.28807e-11
135,1.36e-05,82.0256,380795,3.80795e+07,-1.74009e-19,-2.8466e-20,7.63742e-15,2.88993e-11,4.19669e-12,3.3096e-11
136,1.37e-05,82.6872,383595,3.83595e+07,-1.77066e-19,-2.82869e-20,7.69593e-15,2.91304e-11,4.18104e-12,3.33114e-11
137,1.38e-05,83.3274,386395,3.86395e+07,-1.80108e-19,-2.8065e-20,7.75445e-15,2.93616e-11,4.16541e-12,3.3527e-11
138,1.39e-05,83.9548,389195,3.89195e+07,-1.83139e-19,-2.7808e-20,7.813e-15,2.9593e-11,4.14978e-12,3.37428e-11
139,1.4e-05,84.5908,391994,3.91994e+07,-1.86166e-19,-2.75127e-20,7.87154e-15,2.98245e-11,4.13417e-12,3.39586e-11
140,1.41e-05,85.2233,394794,3.94794e+07,-1.89191e-19,-2.71769e-20,7.93011e-15,3.00561e-11,4.11857e-12,3.41747e-11
141,1.42e-05,85.9434,397593,3.97593e+07,-1.92205e-19,-2.68105e-20,7.98868e-15,3.02878e-11,4.10299e-12,3.43908e-11
142,1.43e-05,86.5938,400393,4.00393e+07,-1.95227e-19,-2.64305e-20,8.04729e-15,3.05198e-11,4.08743e-12,3.46072e-11
143,1.44e-05,87.2776,403193,4.03193e+07,-1.98256e-19,-2.60403e-20,8.10591e-15,3.07518e-11,4.07189e-12,3.48237e-11
144,1.45e-05,87.9239,405993,4.05993e+07,-2.01289e-19,-2.56333e-20,8.16454e-15,3.0984e-11,4.05635e-12,3.50403e-11
145,1.46e-05,88.5928,408793,4.08793e+07,-2.04339e-19,-2.52242e-20,8.22319e-15,3.12163e-11,4.04084e-12,3.52571e-11
146,1.47e-05,89.2374,411593,4.11593e+07,-2.07405e-19,-2.48105e-20,8.28185e-15,3.14487e-11,4.02533e-12,3.54741e-11
147,1.48e-05,89.8943,414392,4.14392e+07,-2.10474e-19,-2.43875e-20,8.34051e-15,3.16812e-11,4.00983e-12,3.5691e-11
148,1.49e-05,90.5603,417192,4.17192e+07,-2.13539e-19,-2.39772e-20,8.39919e-15,3.19139e-11,3.99435e-12,3.59082e-11
149,1.5e-05,91.2534,419992,4.19992e+07,-2.16595e-19,-2.35687e-20,8.4579e-15,3.21467e-11,3.97888e-12,3.61256e-11
150,1.51e-05,91.8886,422792,4.22792e+07,-2.19649e-19,-2.3159e-20,8.51661e-15,3.23796e-11,3.96343e-12,3.6343e-11
151,1.52e-05,92.5353,425592,4.25592e+07,-2.22703e-19,-2.27439e-20,8.57534e-15,3.26126e-11,3.948e-12,3.65606e-11
152,1.53e-05,93.1572,428392,4.28392e+07,-2.25756e-19,-2.23304e-20,8.63408e-15,3.28458e-11,3.93258e-12,3.67784e-11
153,1.54e-05,93.8126,431192,4.31192e+07,-2.28821e-19,-2.19247e-20,8.69283e-15,3.3079e-11,3.91719e-12,3.69962e-11
154,1.55e-05,94.5033,433992,4.33992e+07,-2.319e-19,-2.15267e-20,8.7516e-15,3.33124e-11,3.90182e-12,3.72142e-11
155,1.56e-05,95.1711,436791,4.36791e+07,-2.34993e-19,-2.11381e-20,8.81035e-15,3.35458e-11,3.88646e-12,3.74323e-11
156,1.57e-05,95.8181,439589,4.39589e+07,-2.38089e-19,-2.07508e-20,8.8691e-15,3.37792e-11,3.87113e-12,3.76503e-11
157,1.58e-05,96.4466,442389,4.42389e+07,-2.41185e-19,-2.04015e-20,8.92789e-15,3.40129e-11,3.85582e-12,3.78687e-11
158,1.59e-05,97.09,445189,4.45189e+07,-2.44278e-19,-2.00757e-20,8.9867e-15,3.42467e-11,3.84051e-12,3.80872e-11
159,1.6e-05,97.7175,447989,4.47989e+07,-2.47357e-19,-1.97657e-20,9.04552e-15,3.44806e-11,3.82523e-12,3.83058e-11
160,1.61e-05,98.3461,450789,4.50789e+07,-2.50417e-19,-1.94598e-20,9.10435e-15,3.47146e-11,3.80996e-12,3.85245e-11
161,1.62e-05,99.0185,453588,4.53588e+07,-2.53453e-19,-1.9152e-20,9.16318e-15,3.49486e-11,3.79472e-12,3.87433e-11
162,1.63e-05,99.657,456388,4.56388e+07,-2.56469e-19,-1.88368e-20,9.22203e-15,3.51828e-11,3.77949e-12,3.89623e-11
163,1.64e-05,100.306,459187,4.59187e+07,-2.59445e-19,-1.85402e-20,9.28087e-15,3.5417e-11,3.76428e-12,3.91813e-11
164,1.65e-05,100.965,461987,4.61987e+07,-2.62382e-19,-1.8253e-20,9.33974e-15,3.56514e-11,3.7491e-12,3.94004e-11
165,1.66e-05,101.616,464787,4.64787e+07,-2.65285e-19,-1.79962e-20,9.39862e-15,3.58858e-11,3.73394e-12,3.96198e-11
166,1.67e-05,102.263,467587,4.67587e+07,-2.6816e-19,-1.7778e-20,9.45751e-15,3.61204e-11,3.71881e-12,3.98392e-11
167,1.68e-05,102.895,470386,4.70386e+07,-2.71003e-19,-1.76e-20,9.51639e-15,3.63549e-11,3.7037e-12,4.00586e-11
168,1.69e-05,103.528,473186,4.73186e+07,-2.73806e-19,-1.74603e-20,9.5753e-15,3.65897e-11,3.68861e-12,4.02783e-11
169,1.7e-05,104.188,475986,4.75986e+07,-2.76581e-19,-1.73609e-20,9.63421e-15,3.68245e-11,3.67353e-12,4.0498e-11
170,1.71e-05,104.852,478786,4.78786e+07,-2.79319e-19,-1.73123e-20,9.69314e-15,3.70594e-11,3.65847e-12,4.07179e-11
171,1.72e-05,105.475,481585,4.81585e+07,-2.82037e-19,-1.73054e-20,9.75205e-15,3.72943e-11,3.64344e-12,4.09377e-11
172,1.73e-05,106.112,484385,4.84385e+07,-2.84732e-19,-1.73303e-20,9.81099e-15,3.75293e-11,3.62842e-12,4.11578e-11
173,1.74e-05,106.737,487185,4.87185e+07,-2.8741e-19,-1.73849e-20,9.86994e-15,3.77645e-11,3.61342e-12,4.13779e-11
174,1.75e-05,107.397,489984,4.89984e+07,-2.90063e-19,-1.74611e-20,9.92888e-15,3.79996e-11,3.59845e-12,4.15981e-11
175,1.76e-05,108.013,492784,4.92784e+07,-2.92681e-19,-1.75788e-20,9.98784e-15,3.82349e-11,3.58349e-12,4.18184e-11
176,1.77e-05,108.63,495584,4.95584e+07,-2.95278e-19,-1.77127e-20,1.00468e-14,3.84703e-11,3.56856e-12,4.20388e-11
177,1.78e-05,109.245,498384,4.98384e+07,-2.97859e-19,-1.78712e-20,1.01058e-14,3.87057e-11,3.55366e-12,4.22594e-11
178,1.79e-05,109.859,501184,5.01184e+07,-3.00416e-19,-1.80525e-20,1.01648e-14,3.89412e-11,3.53879e-12,4.248e-11
179,1.8e-05,110.48,503984,5.03984e+07,-3.02951e-19,-1.8249e-20,1.02238e-14,3.91768e-11,3.52394e-12,4.27008e-11
180,1.81e-05,111.102,506784,5.06784e+07,-3.05454e-19,-1.84358e-20,1.02828e-14,3.94125e-11,3.50911e-12,4.29216e-11
181,1.82e-05,111.824,509584,5.09584e+07,-3.07918e-19,-1.86126e-20,1.03418e-14,3.96482e-11,3.49429e-12,4.31425e-11
182,1.83e-05,112.455,512384,5.12384e+07,-3.10347e-19,-1.87765e-20,1.04008e-14,3.9884e-11,3.4795e-12,4.33635e-11
183,1.84e-05,113.095,515184,5.15184e+07,-3.12737e-19,-1.89324e-20,1.04598e-14,4.01198e-11,3.46472e-12,4.35846e-11
184,1.85e-05,113.723,517983,5.17983e+07,-3.15079e-19,-1.90739e-20,1.05188e-14,4.03557e-11,3.44997e-12,4.38056e-11
185,1.86e-05,114.345,520783,5.20783e+07,-3.17382e-19,-1.91947e-20,1.05778e-14,4.05916e-11,3.43523e-12,4.40269e-11
186,1.87e-05,114.964,523582,5.23582e+07,-3.19651e-19,-1.92931e-20,1.06369e-14,4.08276e-11,3.42052e-12,4.42481e-11
187,1.88e-05,115.588,526381,5.26381e+07,-3.21888e-19,-1.93696e-20,1.06959e-14,4.10636e-11,3.40583e-12,4.44695e-11
188,1.89e-05,116.23,529181,5.29181e+07,-3.24098e-19,-1.94219e-20,1.07549e-14,4.12998e-11,3.39117e-12,4.4691e-11
189,1.9e-05,116.847,531981,5.31981e+07,-3.26283e-19,-1.94463e-20,1.0814e-14,4.1536e-11,3.37654e-12,4.49125e-11
190,1.91e-05,117.474,534781,5.34781e+07,-3.28452e-19,-1.9437e-20,1.0873e-14,4.17723e-11,3.36192e-12,4.51342e-11
191,1.92e-05,118.094,537579,5.37579e+07,-3.30622e-19,-1.93879e-20,1.0932e-14,4.20084e-11,3.34734e-12,4.53558e-11
192,1.93e-05,118.692,540378,5.40378e+07,-3.32761e-19,-1.93256e-20,1.09911e-14,4.22447e-11,3.33277e-12,4.55775e-11
193,1.94e-05,119.339,543178,5.43178e+07,-3.34899e-19,-1.92456e-20,1.10502e-14,4.24811e-11,3.31822e-12,4.57994e-11
194,1.95e-05,119.98,545978,5.45978e+07,-3.3703e-19,-1.91489e-20,1.11092e-14,4.27176e-11,3.30368e-12,4.60213e-11
195,1.96e-05,120.612,548778,5.48778e+07,-3.39149e-19,-1.90308e-20,1.11683e-14,4.29541e-11,3.28917e-12,4.62433e-11
196,1.97e-05,121.226,551577,5.51577e+07,-3.41265e-19,-1.88825e-20,1.12274e-14,4.31906e-11,3.27467e-12,4.64653e-11
197,1.98e-05,121.855,554377,5.54377e+07,-3.43379e-19,-1.87064e-20,1.12865e-14,4.34272e-11,3.2602e-12,4.66874e-11
198,1.99e-05,122.469,557175,5.57175e+07,-3.45495e-19,-1.84826e-20,1.13455e-14,4.36637e-11,3.24575e-12,4.69095e-11
199,2e-05,123.096,559974,5.59974e+07,-3.476e-19,-1.82411e-20,1.14046e-14,4.39003e-11,3.23132e-12,4.71317e-11
200,2.01e-05,123.744,562774,5.62774e+07,-3.4968e-19,-1.79733e-20,1.14637e-14,4.41371e-11,3.21692e-12,4.7354e-11
201,2.02e-05,124.407,565573,5.65573e+07,-3.51741e-19,-1.76791e-20,1.15227e-14,4.43738e-11,3.20255e-12,4.75763e-11
202,2.03e-05,125.024,568373,5.68373e+07,-3.53783e-19,-1.73494e-20,1.15818e-14,4.46106e-11,3.18819e-12,4.77988e-11
203,2.04e-05,125.633,571173,5.71173e+07,-3.5582e-19,-1.69918e-20,1.16409e-14,4.48475e-11,3.17386e-12,4.80213e-11
204,2.05e-05,126.256,573973,5.73973e+07,-3.57845e-19,-1.66097e-20,1.17001e-14,4.50844e-11,3.15955e-12,4.82439e-11
205,2.06e-05,126.875,576773,5.76773e+07,-3.59859e-19,-1.62024e-20,1.17592e-14,4.53213e-11,3.14525e-12,4.84666e-11
206,2.07e-05,127.512,579572,5.79572e+07,-3.61873e-19,-1.57635e-20,1.18183e-14,4.55582e-11,3.13096e-12,4.86892e-11
207,2.08e-05,128.111,582372,5.82372e+07,-3.63863e-19,-1.53058e-20,1.18774e-14,4.57952e-11,3.1167e-12,4.89119e-11
208,2.09e-05,128.719,585171,5.85171e+07,-3.65839e-19,-1.48144e-20,1.19365e-14,4.60322e-11,3.10246e-12,4.91346e-11
209,2.1e-05,129.315,587970,5.8797e+07,-3.678e-19,-1.43023e-20,1.19956e-14,4.62692e-11,3.08824e-12,4.93574e-11
210,2.11e-05,129.935,590770,5.9077e+07,-3.69756e-19,-1.37569e-20,1.20547e-14,4.65063e-11,3.07404e-12,4.95803e-11
211,2.12e-05,130.533,593570,5.9357e+07,-3.71689e-19,-1.318e-20,1.21138e-14,4.67434e-11,3.05986e-12,4.98033e-11
212,2.13e-05,131.13,596370,5.9637e+07,-3.73604e-19,-1.25711e-20,1.21729e-14,4.69806e-11,3.04571e-12,5.00263e-11
213,2.14e-05,131.756,599170,5.9917e+07,-3.75498e-19,-1.19289e-20,1.2232e-14,4.72177e-11,3.03159e-12,5.02493e-11
214,2.15e-05,132.386,601969,6.01969e+07,-3.77372e-19,-1.12698e-20,1.22911e-14,4.74549e-11,3.01748e-12,5.04724e-11
215,2.16e-05,132.99,604769,6.04769e+07,-3.79209e-19,-1.05924e-20,1.23503e-14,4.76921e-11,3.00338e-12,5.06955e-11
216,2.17e-05,133.586,607569,6.07569e+07,-3.81016e-19,-9.8859e-21,1.24094e-14,4.79294e-11,2.98931e-12,5.09187e-11
217,2.18e-05,134.169,610369,6.10369e+07,-3.82787e-19,-9.16163e-21,1.24685e-14,4.81667e-11,2.97525e-12,5.11419e-11
218,2.19e-05,134.768,613168,6.13168e+07,-3.84529e-19,-8.40223e-21,1.25276e-14,4.84039e-11,2.9612e-12,5.13651e-11
219,2.2e-05,135.381,615968,6.15968e+07,-3.86214e-19,-7.63653e-21,1.25868e-14,4.86412e-11,2.94718e-12,5.15884e-11
220,2.21e-05,135.978,618767,6.18767e+07,-3.87853e-19,-6.84762e-21,1.26459e-14,4.88785e-11,2.93317e-12,5.18116e-11
221,2.22e-05,136.619,621566,6.21566e+07,-3.89419e-19,-6.03487e-21,1.2705e-14,4.91157e-11,2.91919e-12,5.20349e-11
222,2.23e-05,137.229,624365,6.24365e+07,-3.9093e-19,-5.18084e-21,1.27641e-14,4.9353e-11,2.90522e-12,5.22582e-11
223,2.24e-05,137.825,627165,6.27165e+07,-3.92387e-19,-4.29059e-21,1.28232e-14,4.95904e-11,2.89128e-12,5.24817e-11
224,2.25e-05,138.423,629965,6.29965e+07,-3.93784e-19,-3.36526e-21,1.28823e-14,4.98278e-11,2.87736e-12,5.27052e-11
225,2.26e-05,139.022,632765,6.32765e+07,-3.95115e-19,-2.40878e-21,1.29415e-14,5.00652e-11,2.86345e-12,5.29287e-11
226,2.27e-05,139.6,635565,6.35565e+07,-3.96394e-19,-1.42696e-21,1.30006e-14,5.03027e-11,2.84956e-12,5.31522e-11
227,2.28e-05,140.222,638364,6.38364e+07,-3.97632e-19,-4.32367e-22,1.30597e-14,5.054e-11,2.83569e-12,5.33757e-11
228,2.29e-05,140.802,641164,6.41164e+07,-3.98819e-19,5.77641e-22,1.31188e-14,5.07775e-11,2.82184e-12,5.35993e-11
229,2.3e-05,141.397,643964,6.43964e+07,-3.99955e-19,1.60758e-21,1.31779e-14,5.10149e-11,2.80799e-12,5.38229e-11
230,2.31e-05,141.996,646764,6.46764e+07,-4.01039e-19,2.65328e-21,1.32371e-14,5.12524e-11,2.79417e-12,5.40466e-11
231,2.32e-05,142.608,649563,6.49563e+07,-4.02093e-19,3.72003e-21,1.32962e-14,5.14898e-11,2.78035e-12,5.42701e-11
232,2.33e-05,143.205,652363,6.52363e+07,-4.0308e-19,4.77244e-21,1.33553e-14,5.17273e-11,2.76656e-12,5.44938e-11
233,2.34e-05,143.765,655163,6.55163e+07,-4.04023e-19,5.82931e-21,1.34144e-14,5.19647e-11,2.75278e-12,5.47175e-11
234,2.35e-05,144.342,657963,6.57963e+07,-4.04934e-19,6.89627e-21,1.34735e-14,5.22022e-11,2.73903e-12,5.49413e-11
235,2.36e-05,144.911,660763,6.60763e+07,-4.05823e-19,7.96811e-21,1.35327e-14,5.24397e-11,2.7253e-12,5.5165e-11
236,2.37e-05,145.483,663563,6.63563e+07,-4.06686e-19,9.03435e-21,1.35918e-14,5.26772e-11,2.71159e-12,5.53888e-11
237,2.38e-05,146.056,666363,6.66363e+07,-4.07526e-19,1.00856e-20,1.36509e-14,5.29147e-11,2.69789e-12,5.56126e-11
238,2.39e-05,146.621,669163,6.69163e+07,-4.08342e-19,1.11092e-20,1.371e-14,5.31522e-11,2.68421e-12,5.58364e-11
239,2.4e-05,147.179,671962,6.71962e+07,-4.09132e-19,1.21125e-20,1.37691e-14,5.33896e-11,2.67053e-12,5.60601e-11
240,2.41e-05,147.754,674762,6.74762e+07,-4.09897e-19,1.30824e-20,1.38282e-14,5.36271e-11,2.65687e-12,5.6284e-11
241,2.42e-05,148.391,677562,6.77562e+07,-4.10631e-19,1.40382e-20,1.38873e-14,5.38646e-11,2.64322e-12,5.65078e-11
242,2.43e-05,148.973,680362,6.80362e+07,-4.11326e-19,1.49777e-20,1.39464e-14,5.41021e-11,2.62958e-12,5.67317e-11
243,2.44e-05,149.552,683162,6.83162e+07,-4.1198e-19,1.58997e-20,1.40055e-14,5.43396e-11,2.61597e-12,5.69555e-11
244,2.45e-05,150.124,685962,6.85962e+07,-4.12588e-19,1.67978e-20,1.40646e-14,5.4577e-11,2.60237e-12,5.71794e-11
245,2.46e-05,150.691,688762,6.88762e+07,-4.13141e-19,1.76669e-20,1.41237e-14,5.48145e-11,2.5888e-12,5.74033e-11
246,2.47e-05,151.265,691562,6.91562e+07,-4.13633e-19,1.8503e-20,1.41828e-14,5.5052e-11,2.57524e-12,5.76272e-11
247,2.48e-05,151.841,694361,6.94361e+07,-4.14076e-19,1.93122e-20,1.42419e-14,5.52893e-11,2.56169e-12,5.7851e-11
248,2.49e-05,152.429,697160,6.9716e+07,-4.14446e-19,2.00655e-20,1.43009e-14,5.55267e-11,2.54816e-12,5.80748e-11
249,2.5e-05,152.986,699960,6.9996e+07,-4.14782e-19,2.07942e-20,1.436e-14,5.57641e-11,2.53464e-12,5.82987e-11
250,2.51e-05,153.551,702760,7.0276e+07,-4.15079e-19,2.15009e-20,1.44191e-14,5.60015e-11,2.52113e-12,5.85226e-11
251,2.52e-05,154.138,705560,7.0556e+07,-4.15351e-19,2.21956e-20,1.44782e-14,5.62389e-11,2.50763e-12,5.87466e-11
252,2.53e-05,154.724,708360,7.0836e+07,-4.15597e-19,2.28747e-20,1.45372e-14,5.64763e-11,2.49415e-12,5.89705e-11
253,2.54e-05,155.3,711159,7.11159e+07,-4.15822e-19,2.35445e-20,1.45963e-14,5.67136e-11,2.48067e-12,5.91943e-11
254,2.55e-05,155.861,713959,7.13959e+07,-4.16037e-19,2.41786e-20,1.46553e-14,5.69509e-11,2.46721e-12,5.94182e-11
255,2.56e-05,156.409,716759,7.16759e+07,-4.1623e-19,2.48055e-20,1.47144e-14,5.71883e-11,2.45377e-12,5.96421e-11
256,2.57e-05,156.955,719558,7.19558e+07,-4.1639e-19,2.54119e-20,1.47734e-14,5.74255e-11,2.44034e-12,5.98659e-11
257,2.58e-05,157.535,722357,7.22357e+07,-4.16523e-19,2.60174e-20,1.48325e-14,5.76627e-11,2.42693e-12,6.00896e-11
258,2.59e-05,158.073,725156,7.25156e+07,-4.16639e-19,2.65914e-20,1.48915e-14,5.78999e-11,2.41353e-12,6.03134e-11
259,2.6e-05,158.627,727956,7.27956e+07,-4.16719e-19,2.71369e-20,1.49505e-14,5.81372e-11,2.40015e-12,6.05373e-11
260,2.61e-05,159.167,730755,7.30755e+07,-4.16783e-19,2.76607e-20,1.50096e-14,5.83743e-11,2.38678e-12,6.07611e-11
261,2.62e-05,159.757,733553,7.33553e+07,-4.16866e-19,2.81743e-20,1.50685e-14,5.86114e-11,2.37341e-12,6.09848e-11
262,2.63e-05,160.314,736352,7.36352e+07,-4.16922e-19,2.86481e-20,1.51276e-14,5.88485e-11,2.36005e-12,6.12085e-11
263,2.64e-05,160.874,739151,7.39151e+07,-4.16973e-19,2.90774e-20,1.51866e-14,5.90855e-11,2.3467e-12,6.14323e-11
264,2.65e-05,161.438,741949,7.41949e+07,-4.17016e-19,2.94718e-20,1.52455e-14,5.93225e-11,2.33337e-12,6.16559e-11
265,2.66e-05,161.993,744749,7.44749e+07,-4.1704e-19,2.98163e-20,1.53045e-14,5.95596e-11,2.32005e-12,6.18797e-11
266,2.67e-05,162.535,747548,7.47548e+07,-4.17059e-19,3.0114e-20,1.53635e-14,5.97966e-11,2.30674e-12,6.21033e-11
267,2.68e-05,163.07,750348,7.50348e+07,-4.17063e-19,3.03556e-20,1.54225e-14,6.00337e-11,2.29345e-12,6.23271e-11
268,2.69e-05,163.602,753148,7.53148e+07,-4.17063e-19,3.05514e-20,1.54815e-14,6.02707e-11,2.28018e-12,6.25509e-11
269,2.7e-05,164.157,755947,7.55947e+07,-4.17077e-19,3.07103e-20,1.55405e-14,6.05076e-11,2.26691e-12,6.27745e-11
270,2.71e-05,164.7,758747,7.58747e+07,-4.17081e-19,3.08219e-20,1.55995e-14,6.07445e-11,2.25366e-12,6.29982e-11
271,2.72e-05,165.232,761547,7.61547e+07,-4.1709e-19,3.0894e-20,1.56585e-14,6.09815e-11,2.24042e-12,6.32219e-11
272,2.73e-05,165.781,764347,7.64347e+07,-4.17108e-19,3.09238e-20,1.57175e-14,6.12184e-11,2.22718e-12,6.34455e-11
273,2.74e-05,166.362,767146,7.67146e+07,-4.17125e-19,3.08952e-20,1.57764e-14,6.14551e-11,2.21396e-12,6.36691e-11
274,2.75e-05,166.916,769944,7.69944e+07,-4.17155e-19,3.08623e-20,1.58353e-14,6.16918e-11,2.20074e-12,6.38925e-11
275,2.76e-05,167.467,772744,7.72744e+07,-4.17197e-19,3.08338e-20,1.58943e-14,6.19286e-11,2.18753e-12,6.41161e-11
276,2.77e-05,167.99,775543,7.75543e+07,-4.17237e-19,3.08022e-20,1.59532e-14,6.21653e-11,2.17434e-12,6.43396e-11
277,2.78e-05,168.52,778343,7.78343e+07,-4.17281e-19,3.07639e-20,1.60122e-14,6.2402e-11,2.16115e-12,6.45631e-11
278,2.79e-05,169.047,781142,7.81142e+07,-4.17326e-19,3.06977e-20,1.60711e-14,6.26386e-11,2.14798e-12,6.47865e-11
279,2.8e-05,169.583,783942,7.83942e+07,-4.17378e-19,3.06304e-20,1.613e-14,6.28752e-11,2.13483e-12,6.501e-11
280,2.81e-05,170.096,786742,7.86742e+07,-4.17427e-19,3.05503e-20,1.61889e-14,6.31118e-11,2.12168e-12,6.52334e-11
281,2.82e-05,170.685,789542,7.89542e+07,-4.17482e-19,3.04608e-20,1.62478e-14,6.33483e-11,2.10855e-12,6.54569e-11
282,2.83e-05,171.21,792342,7.92342e+07,-4.17539e-19,3.03608e-20,1.63068e-14,6.35848e-11,2.09542e-12,6.56802e-11
283,2.84e-05,171.772,795141,7.95141e+07,-4.17584e-19,3.02488e-20,1.63656e-14,6.38212e-11,2.0823e-12,6.59035e-11
284,2.85e-05,172.304,797939,7.97939e+07,-4.17642e-19,3.01247e-20,1.64245e-14,6.40574e-11,2.06919e-12,6.61266e-11
285,2.86e-05,172.829,800737,8.00737e+07,-4.17688e-19,2.99984e-20,1.64833e-14,6.42936e-11,2.05608e-12,6.63497e-11
286,2.87e-05,173.358,803537,8.03537e+07,-4.17759e-19,2.98678e-20,1.65422e-14,6.45299e-11,2.04298e-12,6.65729e-11
287,2.88e-05,173.884,806336,8.06336e+07,-4.17846e-19,2.97336e-20,1.66011e-14,6.47661e-11,2.0299e-12,6.6796e-11
288,2.89e-05,174.402,809136,8.09136e+07,-4.17944e-19,2.96065e-20,1.66599e-14,6.50023e-11,2.01683e-12,6.70191e-11
289,2.9e-05,174.923,811936,8.11936e+07,-4.18068e-19,2.94814e-20,1.67188e-14,6.52385e-11,2.00378e-12,6.72422e-11
290,2.91e-05,175.444,814736,8.14736e+07,-4.18215e-19,2.93661e-20,1.67776e-14,6.54746e-11,1.99073e-12,6.74653e-11
291,2.92e-05,175.969,817536,8.17536e+07,-4.1838e-19,2.92641e-20,1.68365e-14,6.57106e-11,1.97769e-12,6.76883e-11
292,2.93e-05,176.502,820335,8.20335e+07,-4.18557e-19,2.91813e-20,1.68953e-14,6.59466e-11,1.96466e-12,6.79112e-11
293,2.94e-05,177.006,823135,8.23135e+07,-4.18746e-19,2.91242e-20,1.69541e-14,6.61825e-11,1.95164e-12,6.81342e-11
294,2.95e-05,177.525,825935,8.25935e+07,-4.18939e-19,2.90972e-20,1.70129e-14,6.64184e-11,1.93862e-12,6.8357e-11
295,2.96e-05,178.055,828735,8.28735e+07,-4.19147e-19,2.90931e-20,1.70717e-14,6.66543e-11,1.92561e-12,6.85799e-11
296,2.97e-05,178.591,831535,8.31535e+07,-4.19373e-19,2.9099e-20,1.71305e-14,6.689e-11,1.91261e-12,6.88027e-11
297,2.98e-05,179.141,834333,8.34333e+07,-4.19612e-19,2.9111e-20,1.71893e-14,6.71256e-11,1.89962e-12,6.90252e-11
298,2.99e-05,179.639,837133,8.37133e+07,-4.19877e-19,2.91296e-20,1.72481e-14,6.73613e-11,1.88664e-12,6.92479e-11
299,3e-05,180.132,839931,8.39931e+07,-4.20162e-19,2.9164e-20,1.73068e-14,6.75967e-11,1.87367e-12,6.94703e-11
300,3.01e-05,180.633,842729,8.42729e+07,-4.20482e-19,2.91596e-20,1.73655e-14,6.7832e-11,1.86071e-12,6.96927e-11
301,3.02e-05,181.18,845527,8.45527e+07,-4.20801e-19,2.91555e-20,1.74242e-14,6.80673e-11,1.84776e-12,6.99151e-11
302,3.03e-05,181.72,848327,8.48327e+07,-4.21106e-19,2.91465e-20,1.7483e-14,6.83027e-11,1.83483e-12,7.01375e-11
303,3.04e-05,182.238,851127,8.51127e+07,-4.21405e-19,2.91292e-20,1.75417e-14,6.85381e-11,1.8219e-12,7.036e-11
304,3.05e-05,182.746,853926,8.53926e+07,-4.21692e-19,2.90922e-20,1.76004e-14,6.87733e-11,1.80898e-12,7.05823e-11
305,3.06e-05,183.257,856726,8.56726e+07,-4.21973e-19,2.90438e-20,1.76591e-14,6.90085e-11,1.79606e-12,7.08046e-11
306,3.07e-05,183.763,859524,8.59524e+07,-4.22264e-19,2.89782e-20,1.77178e-14,6.92435e-11,1.78315e-12,7.10266e-11
307,3.08e-05,184.275,862323,8.62323e+07,-4.22535e-19,2.88987e-20,1.77765e-14,6.94785e-11,1.77025e-12,7.12487e-11
308,3.09e-05,184.781,865122,8.65122e+07,-4.22787e-19,2.87887e-20,1.78352e-14,6.97134e-11,1.75735e-12,7.14707e-11
309,3.1e-05,185.287,867922,8.67922e+07,-4.23061e-19,2.86693e-20,1.78938e-14,6.99483e-11,1.74448e-12,7.16928e-11
310,3.11e-05,185.784,870720,8.7072e+07,-4.23341e-19,2.8571e-20,1.79525e-14,7.0183e-11,1.73161e-12,7.19146e-11
311,3.12e-05,186.269,873519,8.73519e+07,-4.23635e-19,2.8458e-20,1.80111e-14,7.04177e-11,1.71875e-12,7.21364e-11
312,3.13e-05,186.756,876318,8.76318e+07,-4.23919e-19,2.83453e-20,1.80697e-14,7.06523e-11,1.70591e-12,7.23582e-11
313,3.14e-05,187.256,879117,8.79117e+07,-4.24211e-19,2.82357e-20,1.81283e-14,7.08869e-11,1.69307e-12,7.25799e-11
314,3.15e-05,187.773,881917,8.81917e+07,-4.24518e-19,2.81381e-20,1.8187e-14,7.11214e-11,1.68024e-12,7.28017e-11
315,3.16e-05,188.289,884717,8.84717e+07,-4.24828e-19,2.805e-20,1.82456e-14,7.13559e-11,1.66742e-12,7.30233e-11
316,3.17e-05,188.773,887516,8.87516e+07,-4.25128e-19,2.79547e-20,1.83042e-14,7.15902e-11,1.65461e-12,7.32448e-11
317,3.18e-05,189.256,890315,8.90315e+07,-4.25455e-19,2.78972e-20,1.83627e-14,7.18244e-11,1.6418e-12,7.34662e-11
318,3.19e-05,189.743,893114,8.93114e+07,-4.25765e-19,2.78571e-20,1.84213e-14,7.20586e-11,1.629e-12,7.36876e-11
319,3.2e-05,190.221,895913,8.95913e+07,-4.26068e-19,2.78255e-20,1.84798e-14,7.22926e-11,1.61621e-12,7.39089e-11
320,3.21e-05,190.711,898712,8.98712e+07,-4.26361e-19,2.78096e-20,1.85384e-14,7.25266e-11,1.60344e-12,7.413e-11
321,3.22e-05,191.25,901511,9.01511e+07,-4.26649e-19,2.78119e-20,1.85969e-14,7.27605e-11,1.59067e-12,7.43512e-11
322,3.23e-05,191.743,904311,9.04311e+07,-4.26934e-19,2.78567e-20,1.86554e-14,7.29944e-11,1.57792e-12,7.45723e-11
323,3.24e-05,192.234,907111,9.07111e+07,-4.27215e-19,2.79352e-20,1.8714e-14,7.32282e-11,1.56518e-12,7.47934e-11
324,3.25e-05,192.726,909909,9.09909e+07,-4.2748e-19,2.8031e-20,1.87724e-14,7.34617e-11,1.55245e-12,7.50142e-11
325,3.26e-05,193.208,912707,9.12707e+07,-4.27703e-19,2.81557e-20,1.88309e-14,7.36952e-11,1.53973e-12,7.52349e-11
326,3.27e-05,193.686,915507,9.15507e+07,-4.27915e-19,2.83056e-20,1.88894e-14,7.39287e-11,1.52702e-12,7.54557e-11
327,3.28e-05,194.168,918307,9.18307e+07,-4.28109e-19,2.84818e-20,1.89478e-14,7.41622e-11,1.51432e-12,7.56765e-11
328,3.29e-05,194.65,921106,9.21106e+07,-4.28285e-19,2.86765e-20,1.90063e-14,7.43955e-11,1.50162e-12,7.58971e-11
329,3.3e-05,195.134,923906,9.23906e+07,-4.28452e-19,2.88917e-20,1.90647e-14,7.46287e-11,1.48894e-12,7.61177e-11
330,3.31e-05,195.604,926705,9.26705e+07,-4.28612e-19,2.91367e-20,1.91231e-14,7.48618e-11,1.47627e-12,7.63381e-11
331,3.32e-05,196.076,929504,9.29504e+07,-4.28743e-19,2.94161e-20,1.91816e-14,7.50948e-11,1.46361e-12,7.65584e-11
332,3.33e-05,196.549,932302,9.32302e+07,-4.28869e-19,2.97105e-20,1.92399e-14,7.53276e-11,1.45096e-12,7.67786e-11
333,3.34e-05,197.017,935099,9.35099e+07,-4.28976e-19,2.99979e-20,1.92983e-14,7.55603e-11,1.43833e-12,7.69986e-11
334,3.35e-05,197.481,937895,9.37895e+07,-4.29109e-19,3.03027e-20,1.93566e-14,7.57927e-11,1.42571e-12,7.72184e-11
335,3.36e-05,197.964,940695,9.40695e+07,-4.29235e-19,3.05845e-20,1.94149e-14,7.60254e-11,1.41311e-12,7.74385e-11
336,3.37e-05,198.441,943494,9.43494e+07,-4.29347e-19,3.08155e-20,1.94733e-14,7.62578e-11,1.40052e-12,7.76583e-11
337,3.38e-05,198.916,946293,9.46293e+07,-4.29474e-19,3.10605e-20,1.95316e-14,7.64902e-11,1.38793e-12,7.78781e-11
338,3.39e-05,199.375,949092,9.49092e+07,-4.29593e-19,3.13049e-20,1.95899e-14,7.67224e-11,1.37535e-12,7.80978e-11
339,3.4e-05,199.849,951891,9.51891e+07,-4.29701e-19,3.15375e-20,1.96482e-14,7.69546e-11,1.36279e-12,7.83174e-11
340,3.41e-05,200.363,954690,9.5469e+07,-4.29776e-19,3.17061e-20,1.97065e-14,7.71866e-11,1.35024e-12,7.85369e-11
341,3.42e-05,200.912,957490,9.5749e+07,-4.29847e-19,3.1893e-20,1.97647e-14,7.74186e-11,1.3377e-12,7.87563e-11
342,3.43e-05,201.41,960290,9.6029e+07,-4.29914e-19,3.20599e-20,1.9823e-14,7.76506e-11,1.32518e-12,7.89757e-11
343,3.44e-05,201.88,963089,9.63089e+07,-4.2996e-19,3.22079e-20,1.98813e-14,7.78823e-11,1.31268e-12,7.9195e-11
344,3.45e-05,202.349,965888,9.65888e+07,-4.30013e-19,3.23427e-20,1.99395e-14,7.81139e-11,1.3002e-12,7.94141e-11
345,3.46e-05,202.824,968686,9.68686e+07,-4.30068e-19,3.24473e-20,1.99977e-14,7.83453e-11,1.28772e-12,7.9633e-11
346,3.47e-05,203.291,971485,9.71485e+07,-4.30118e-19,3.25907e-20,2.00559e-14,7.85766e-11,1.27527e-12,7.98519e-11
347,3.48e-05,203.77,974282,9.74282e+07,-4.30139e-19,3.27142e-20,2.0114e-14,7.88077e-11,1.26283e-12,8.00705e-11
348,3.49e-05,204.224,977082,9.77082e+07,-4.30134e-19,3.28524e-20,2.01722e-14,7.90389e-11,1.25039e-12,8.02893e-11
349,3.5e-05,204.686,979882,9.79882e+07,-4.3011e-19,3.29848e-20,2.02303e-14,7.927e-11,1.23797e-12,8.0508e-11
350,3.51e-05,205.143,982681,9.82681e+07,-4.30069e-19,3.31044e-20,2.02885e-14,7.95009e-11,1.22557e-12,8.07265e-11
351,3.52e-05,205.6,985479,9.85479e+07,-4.30013e-19,3.32064e-20,2.03466e-14,7.97316e-11,1.21319e-12,8.09447e-11
352,3.53e-05,206.052,988276,9.88276e+07,-4.29954e-19,3.33177e-20,2.04046e-14,7.9962e-11,1.20082e-12,8.11628e-11
353,3.54e-05,206.505,991075,9.91075e+07,-4.29881e-19,3.34132e-20,2.04627e-14,8.01925e-11,1.18847e-12,8.1381e-11
354,3.55e-05,206.953,993874,9.93874e+07,-4.29793e-19,3.35015e-20,2.05208e-14,8.04229e-11,1.17615e-12,8.1599e-11
355,3.56e-05,207.395,996674,9.96674e+07,-4.29701e-19,3.35848e-20,2.05788e-14,8.06532e-11,1.16384e-12,8.18171e-11
356,3.57e-05,207.87,999474,9.99474e+07,-4.29615e-19,3.3666e-20,2.06369e-14,8.08834e-11,1.15155e-12,8.2035e-11
357,3.58e-05,208.33,1002273,1.00227e+08,-4.29528e-19,3.37384e-20,2.06949e-14,8.11134e-11,1.13928e-12,8.22527e-11
358,3.59e-05,208.771,1005072,1.00507e+08,-4.2946e-19,3.38036e-20,2.07529e-14,8.13433e-11,1.12703e-12,8.24703e-11
359,3.6e-05,209.214,1007872,1.00787e+08,-4.29404e-19,3.3862e-20,2.08109e-14,8.15731e-11,1.11479e-12,8.26879e-11
360,3.61e-05,209.673,1010671,1.01067e+08,-4.29363e-19,3.3923e-20,2.08689e-14,8.18027e-11,1.10257e-12,8.29053e-11
361,3.62e-05,210.181,1013469,1.01347e+08,-4.29351e-19,3.39497e-20,2.09268e-14,8.20321e-11,1.09037e-12,8.31224e-11
362,3.63e-05,210.75,1016268,1.01627e+08,-4.2936e-19,3.40034e-20,2.09847e-14,8.22614e-11,1.07819e-12,8.33396e-11
363,3.64e-05,211.208,1019066,1.01907e+08,-4.29406e-19,3.40601e-20,2.10426e-14,8.24905e-11,1.06604e-12,8.35565e-11
364,3.65e-05,211.692,1021865,1.02186e+08,-4.29443e-19,3.41329e-20,2.11005e-14,8.27195e-11,1.05392e-12,8.37734e-11
365,3.66e-05,212.161,1024663,1.02466e+08,-4.29507e-19,3.42103e-20,2.11584e-14,8.29483e-11,1.04181e-12,8.39901e-11
366,3.67e-05,212.624,1027463,1.02746e+08,-4.2959e-19,3.42931e-20,2.12163e-14,8.31771e-11,1.02974e-12,8.42068e-11
367,3.68e-05,213.073,1030262,1.03026e+08,-4.29688e-19,3.43879e-20,2.12741e-14,8.34057e-11,1.01768e-12,8.44233e-11
368,3.69e-05,213.518,1033061,1.03306e+08,-4.29804e-19,3.44503e-20,2.13319e-14,8.36341e-11,1.00565e-12,8.46397e-11
369,3.7e-05,213.956,1035860,1.03586e+08,-4.29916e-19,3.45183e-20,2.13897e-14,8.38624e-11,9.93636e-13,8.4856e-11
370,3.71e-05,214.411,1038660,1.03866e+08,-4.3003e-19,3.45641e-20,2.14475e-14,8.40906e-11,9.81651e-13,8.50722e-11
371,3.72e-05,214.839,1041460,1.04146e+08,-4.30152e-19,3.46027e-20,2.15053e-14,8.43187e-11,9.69691e-13,8.52883e-11
372,3.73e-05,215.269,1044259,1.04426e+08,-4.30274e-19,3.46286e-20,2.1563e-14,8.45465e-11,9.57752e-13,8.55042e-11
373,3.74e-05,215.707,1047058,1.04706e+08,-4.30415e-19,3.46518e-20,2.16208e-14,8.47741e-11,9.45843e-13,8.57199e-11
374,3.75e-05,216.172,1049858,1.04986e+08,-4.30572e-19,3.4652e-20,2.16785e-14,8.50017e-11,9.33969e-13,8.59356e-11
375,3.76e-05,216.6,1052657,1.05266e+08,-4.30754e-19,3.46297e-20,2.17362e-14,8.5229e-11,9.2213e-13,8.61511e-11
376,3.77e-05,217.026,1055455,1.05546e+08,-4.30956e-19,3.4596e-20,2.17938e-14,8.54561e-11,9.10317e-13,8.63664e-11
377,3.78e-05,217.455,1058254,1.05825e+08,-4.31185e-19,3.45486e-20,2.18515e-14,8.56831e-11,8.98534e-13,8.65816e-11
378,3.79e-05,217.894,1061054,1.06105e+08,-4.31438e-19,3.44909e-20,2.19091e-14,8.591e-11,8.86781e-13,8.67968e-11
379,3.8e-05,218.328,1063853,1.06385e+08,-4.31709e-19,3.43827e-20,2.19667e-14,8.61367e-11,8.7506e-13,8.70117e-11
380,3.81e-05,218.769,1066649,1.06665e+08,-4.31984e-19,3.42792e-20,2.20242e-14,8.63629e-11,8.63366e-13,8.72263e-11
381,3.82e-05,219.276,1069447,1.06945e+08,-4.32319e-19,3.41794e-20,2.20818e-14,8.65891e-11,8.51706e-13,8.74408e-11
382,3.83e-05,219.727,1072246,1.07225e+08,-4.32675e-19,3.40814e-20,2.21393e-14,8.68153e-11,8.40081e-13,8.76553e-11
383,3.84e-05,220.154,1075045,1.07504e+08,-4.33091e-19,3.40003e-20,2.21968e-14,8.70412e-11,8.28489e-13,8.78697e-11
384,3.85e-05,220.58,1077845,1.07784e+08,-4.33536e-19,3.39091e-20,2.22543e-14,8.72671e-11,8.16933e-13,8.8084e-11
385,3.86e-05,221.02,1080645,1.08064e+08,-4.34026e-19,3.38168e-20,2.23118e-14,8.74928e-11,8.05419e-13,8.82982e-11
386,3.87e-05,221.458,1083444,1.08344e+08,-4.34569e-19,3.37188e-20,2.23693e-14,8.77182e-11,7.93949e-13,8.85121e-11
387,3.88e-05,221.892,1086244,1.08624e+08,-4.35137e-19,3.36069e-20,2.24267e-14,8.79435e-11,7.82518e-13,8.8726e-11
388,3.89e-05,222.391,1089043,1.08904e+08,-4.3576e-19,3.35023e-20,2.24841e-14,8.81685e-11,7.71121e-13,8.89397e-11
389,3.9e-05,222.837,1091841,1.09184e+08,-4.364e-19,3.33874e-20,2.25415e-14,8.83933e-11,7.59765e-13,8.91531e-11
390,3.91e-05,223.282,1094640,1.09464e+08,-4.37068e-19,3.32519e-20,2.25989e-14,8.8618e-11,7.4845e-13,8.93664e-11
391,3.92e-05,223.726,1097440,1.09744e+08,-4.37798e-19,3.31212e-20,2.26562e-14,8.88426e-11,7.37176e-13,8.95797e-11
392,3.93e-05,224.15,1100238,1.10024e+08,-4.3858e-19,3.30129e-20,2.27135e-14,8.90667e-11,7.25939e-13,8.97927e-11
393,3.94e-05,224.57,1103035,1.10304e+08,-4.39378e-19,3.29068e-20,2.27708e-14,8.92906e-11,7.14745e-13,9.00053e-11
394,3.95e-05,224.99,1105835,1.10584e+08,-4.40252e-19,3.28091e-20,2.2828e-14,8.95145e-11,7.03603e-13,9.02181e-11
395,3.96e-05,225.407,1108634,1.10863e+08,-4.41191e-19,3.27491e-20,2.28853e-14,8.97382e-11,6.92514e-13,9.04307e-11
396,3.97e-05,225.827,1111434,1.11143e+08,-4.42182e-19,3.26999e-20,2.29425e-14,8.99617e-11,6.81472e-13,9.06432e-11
397,3.98e-05,226.26,1114233,1.11423e+08,-4.43236e-19,3.2678e-20,2.29997e-14,9.0185e-11,6.7048e-13,9.08555e-11
398,3.99e-05,226.682,1117032,1.11703e+08,-4.44329e-19,3.26794e-20,2.30569e-14,9.04081e-11,6.5954e-13,9.10676e-11
399,4e-05,227.112,1119831,1.11983e+08,-4.45476e-19,3.2708e-20,2.3114e-14,9.06309e-11,6.48651e-13,9.12796e-11
400,4.01e-05,227.564,1122630,1.12263e+08,-4.46699e-19,3.27829e-20,2.31711e-14,9.08535e-11,6.37812e-13,9.14913e-11
