ts,time,wall_time,mp_count.X,real_count.X,px.X,py.X,pz.X,KE.X,mp_count.X+,real_count.X+,px.X+,py.X+,pz.X+,KE.X+,PE,E_total
0,2e-07,0.0585776,0,0,0,0,0,0,0,0,0,0,0,0,2.55643e-07,2.55643e-07
1,4e-07,0.820636,0,0,0,0,0,0,0,0,0,0,0,0,2.55643e-07,2.55643e-07
2,6e-07,0.82518,0,0,0,0,0,0,0,0,0,0,0,0,2.55643e-07,2.55643e-07
3,8e-07,0.831127,0,0,0,0,0,0,0,0,0,0,0,0,2.55643e-07,2.55643e-07
4,1e-06,0.836364,0,0,0,0,0,0,0,0,0,0,0,0,2.55643e-07,2.55643e-07
5,1.2e-06,0.841256,0,0,0,0,0,0,0,0,0,0,0,0,2.55643e-07,2.55643e-07
6,1.4e-06,0.846053,0,0,0,0,0,0,0,0,0,0,0,0,2.55643e-07,2.55643e-07
7,1.6e-06,0.850829,0,0,0,0,0,0,0,0,0,0,0,0,2.55643e-07,2.55643e-07
8,1.8e-06,0.85536,0,0,0,0,0,0,0,0,0,0,0,0,2.55643e-07,2.55643e-07
9,2e-06,0.859536,0,0,0,0,0,0,0,0,0,0,0,0,2.55643e-07,2.55643e-07
10,2.2e-06,0.864132,0,0,0,0,0,0,0,0,0,0,0,0,2.55643e-07,2.55643e-07
11,2.4e-06,0.868334,0,0,0,0,0,0,0,0,0,0,0,0,2.55643e-07,2.55643e-07
12,2.6e-06,0.872699,0,0,0,0,0,0,0,0,0,0,0,0,2.55643e-07,2.55643e-07
13,2.8e-06,0.877083,0,0,0,0,0,0,0,0,0,0,0,0,2.55643e-07,2.55643e-07
14,3e-06,0.881504,0,0,0,0,0,0,0,0,0,0,0,0,2.55643e-07,2.55643e-07
15,3.2e-06,0.885927,0,0,0,0,0,0,0,0,0,0,0,0,2.55643e-07,2.55643e-07
16,3.4e-06,0.89073,0,0,0,0,0,0,0,0,0,0,0,0,2.55643e-07,2.55643e-07
17,3.6e-06,0.895308,0,0,0,0,0,0,0,0,0,0,0,0,2.55643e-07,2.55643e-07
18,3.8e-06,0.899624,0,0,0,0,0,0,0,0,0,0,0,0,2.55643e-07,2.55643e-07
19,4e-06,0.90428,0,0,0,0,0,0,0,0,0,0,0,0,2.55643e-07,2.55643e-07
20,4.2e-06,0.90858,0,0,0,0,0,0,0,0,0,0,0,0,2.55643e-07,2.55643e-07
21,4.4e-06,0.913321,0,0,0,0,0,0,0,0,0,0,0,0,2.55643e-07,2.55643e-07
22,4.6e-06,0.917602,0,0,0,0,0,0,0,0,0,0,0,0,2.55643e-07,2.55643e-07
23,4.8e-06,0.922155,0,0,0,0,0,0,0,0,0,0,0,0,2.55643e-07,2.55643e-07
24,5e-06,0.926547,0,0,0,0,0,0,0,0,0,0,0,0,2.55643e-07,2.55643e-07
25,5.2e-06,0.931227,0,0,0,0,0,0,0,0,0,0,0,0,2.55643e-07,2.55643e-07
26,5.4e-06,0.935357,0,0,0,0,0,0,0,0,0,0,0,0,2.55643e-07,2.55643e-07
27,5.6e-06,0.940184,0,0,0,0,0,0,0,0,0,0,0,0,2.55643e-07,2.55643e-07
28,5.8e-06,0.944626,0,0,0,0,0,0,0,0,0,0,0,0,2.55643e-07,2.55643e-07
29,6e-06,0.949393,0,0,0,0,0,0,0,0,0,0,0,0,2.55643e-07,2.55643e-07
30,6.2e-06,0.953599,0,0,0,0,0,0,0,0,0,0,0,0,2.55643e-07,2.55643e-07
31,6.4e-06,0.958059,0,0,0,0,0,0,0,0,0,0,0,0,2.55643e-07,2.55643e-07
32,6.6e-06,0.96261,0,0,0,0,0,0,0,0,0,0,0,0,2.55643e-07,2.55643e-07
33,6.8e-06,0.966971,0,0,0,0,0,0,0,0,0,0,0,0,2.55643e-07,2.55643e-07
34,7e-06,0.971184,0,0,0,0,0,0,0,0,0,0,0,0,2.55643e-07,2.55643e-07
35,7.2e-06,0.975343,0,0,0,0,0,0,0,0,0,0,0,0,2.55643e-07,2.55643e-07
36,7.4e-06,0.979985,0,0,0,0,0,0,0,0,0,0,0,0,2.55643e-07,2.55643e-07
37,7.6e-06,0.984388,0,0,0,0,0,0,0,0,0,0,0,0,2.55643e-07,2.55643e-07
38,7.8e-06,0.988858,0,0,0,0,0,0,0,0,0,0,0,0,2.55643e-07,2.55643e-07
39,8e-06,0.993365,0,0,0,0,0,0,0,0,0,0,0,0,2.55643e-07,2.55643e-07
40,8.2e-06,0.997964,0,0,0,0,0,0,0,0,0,0,0,0,2.55643e-07,2.55643e-07
41,8.4e-06,1.00247,0,0,0,0,0,0,0,0,0,0,0,0,2.55643e-07,2.55643e-07
42,8.6e-06,1.0067,0,0,0,0,0,0,0,0,0,0,0,0,2.55643e-07,2.55643e-07
43,8.8e-06,1.01105,0,0,0,0,0,0,0,0,0,0,0,0,2.55643e-07,2.55643e-07
44,9e-06,1.01519,0,0,0,0,0,0,0,0,0,0,0,0,2.55643e-07,2.55643e-07
45,9.2e-06,1.01932,0,0,0,0,0,0,0,0,0,0,0,0,2.55643e-07,2.55643e-07
46,9.4e-06,1.02377,0,0,0,0,0,0,0,0,0,0,0,0,2.55643e-07,2.55643e-07
47,9.6e-06,1.02851,0,0,0,0,0,0,0,0,0,0,0,0,2.55643e-07,2.55643e-07
48,9.8e-06,1.03283,0,0,0,0,0,0,0,0,0,0,0,0,2.55643e-07,2.55643e-07
49,1e-05,1.03733,0,0,0,0,0,0,0,0,0,0,0,0,2.55643e-07,2.55643e-07
50,1.02e-05,1.04123,0,0,0,0,0,0,0,0,0,0,0,0,2.55643e-07,2.55643e-07
51,1.04e-05,1.79955,0,0,0,0,0,0,0,0,0,0,0,0,2.55643e-07,2.55643e-07
52,1.06e-05,1.80252,0,0,0,0,0,0,0,0,0,0,0,0,2.55643e-07,2.55643e-07
53,1.08e-05,1.80537,0,0,0,0,0,0,0,0,0,0,0,0,2.55643e-07,2.55643e-07
54,1.1e-05,1.80992,0,0,0,0,0,0,0,0,0,0,0,0,2.55643e-07,2.55643e-07
55,1.12e-05,1.81406,0,0,0,0,0,0,0,0,0,0,0,0,2.55643e-07,2.55643e-07
56,1.14e-05,1.81734,0,0,0,0,0,0,0,0,0,0,0,0,2.55643e-07,2.55643e-07
57,1.16e-05,1.82145,0,0,0,0,0,0,0,0,0,0,0,0,2.55643e-07,2.55643e-07
58,1.18e-05,1.82674,0,0,0,0,0,0,0,0,0,0,0,0,2.55643e-07,2.55643e-07
59,1.2e-05,1.83132,0,0,0,0,0,0,0,0,0,0,0,0,2.55643e-07,2.55643e-07
60,1.22e-05,1.83584,0,0,0,0,0,0,0,0,0,0,0,0,2.55643e-07,2.55643e-07
61,1.24e-05,1.8404,0,0,0,0,0,0,0,0,0,0,0,0,2.55643e-07,2.55643e-07
62,1.26e-05,1.84503,0,0,0,0,0,0,0,0,0,0,0,0,2.55643e-07,2.55643e-07
63,1.28e-05,1.84968,0,0,0,0,0,0,0,0,0,0,0,0,2.55643e-07,2.55643e-07
64,1.3e-05,1.85439,0,0,0,0,0,0,0,0,0,0,0,0,2.55643e-07,2.55643e-07
65,1.32e-05,1.85876,0,0,0,0,0,0,0,0,0,0,0,0,2.55643e-07,2.55643e-07
66,1.34e-05,1.86415,0,0,0,0,0,0,0,0,0,0,0,0,2.55643e-07,2.55643e-07
67,1.36e-05,1.86936,0,0,0,0,0,0,0,0,0,0,0,0,2.55643e-07,2.55643e-07
68,1.38e-05,1.87482,0,0,0,0,0,0,0,0,0,0,0,0,2.55643e-07,2.55643e-07
69,1.4e-05,1.87986,0,0,0,0,0,0,0,0,0,0,0,0,2.55643e-07,2.55643e-07
70,1.42e-05,1.88433,0,0,0,0,0,0,0,0,0,0,0,0,2.55643e-07,2.55643e-07
71,1.44e-05,1.88928,0,0,0,0,0,0,0,0,0,0,0,0,2.55643e-07,2.55643e-07
72,1.46e-05,1.89428,0,0,0,0,0,0,0,0,0,0,0,0,2.55643e-07,2.55643e-07
73,1.48e-05,1.89859,0,0,0,0,0,0,0,0,0,0,0,0,2.55643e-07,2.55643e-07
74,1.5e-05,1.90323,0,0,0,0,0,0,0,0,0,0,0,0,2.55643e-07,2.55643e-07
75,1.52e-05,1.9077,0,0,0,0,0,0,0,0,0,0,0,0,2.55643e-07,2.55643e-07
76,1.54e-05,1.91237,0,0,0,0,0,0,0,0,0,0,0,0,2.55643e-07,2.55643e-07
77,1.56e-05,1.91653,0,0,0,0,0,0,0,0,0,0,0,0,2.55643e-07,2.55643e-07
78,1.58e-05,1.92116,0,0,0,0,0,0,0,0,0,0,0,0,2.55643e-07,2.55643e-07
79,1.6e-05,1.9253,0,0,0,0,0,0,0,0,0,0,0,0,2.55643e-07,2.55643e-07
80,1.62e-05,1.93049,0,0,0,0,0,0,0,0,0,0,0,0,2.55643e-07,2.55643e-07
81,1.64e-05,1.93496,0,0,0,0,0,0,0,0,0,0,0,0,2.55643e-07,2.55643e-07
82,1.66e-05,1.93941,0,0,0,0,0,0,0,0,0,0,0,0,2.55643e-07,2.55643e-07
83,1.68e-05,1.94345,0,0,0,0,0,0,0,0,0,0,0,0,2.55643e-07,2.55643e-07
84,1.7e-05,1.94776,0,0,0,0,0,0,0,0,0,0,0,0,2.55643e-07,2.55643e-07
85,1.72e-05,1.95158,0,0,0,0,0,0,0,0,0,0,0,0,2.55643e-07,2.55643e-07
86,1.74e-05,1.95626,0,0,0,0,0,0,0,0,0,0,0,0,2.55643e-07,2.55643e-07
87,1.76e-05,1.95993,0,0,0,0,0,0,0,0,0,0,0,0,2.55643e-07,2.55643e-07
88,1.78e-05,1.96419,0,0,0,0,0,0,0,0,0,0,0,0,2.55643e-07,2.55643e-07
89,1.8e-05,1.96793,0,0,0,0,0,0,0,0,0,0,0,0,2.55643e-07,2.55643e-07
90,1.82e-05,1.97234,0,0,0,0,0,0,0,0,0,0,0,0,2.55643e-07,2.55643e-07
91,1.84e-05,1.97696,0,0,0,0,0,0,0,0,0,0,0,0,2.55643e-07,2.55643e-07
92,1.86e-05,1.98203,0,0,0,0,0,0,0,0,0,0,0,0,2.55643e-07,2.55643e-07
93,1.88e-05,1.98665,0,0,0,0,0,0,0,0,0,0,0,0,2.55643e-07,2.55643e-07
94,1.9e-05,1.99085,0,0,0,0,0,0,0,0,0,0,0,0,2.55643e-07,2.55643e-07
95,1.92e-05,1.99497,0,0,0,0,0,0,0,0,0,0,0,0,2.55643e-07,2.55643e-07
96,1.94e-05,1.99916,0,0,0,0,0,0,0,0,0,0,0,0,2.55643e-07,2.55643e-07
97,1.96e-05,2.00332,0,0,0,0,0,0,0,0,0,0,0,0,2.55643e-07,2.55643e-07
98,1.98e-05,2.00794,0,0,0,0,0,0,0,0,0,0,0,0,2.55643e-07,2.55643e-07
99,2e-05,2.01256,0,0,0,0,0,0,0,0,0,0,0,0,2.55643e-07,2.55643e-07
100,2.02e-05,2.01709,0,0,0,0,0,0,0,0,0,0,0,0,2.55643e-07,2.55643e-07
101,2.04e-05,2.80416,0,0,0,0,0,0,0,0,0,0,0,0,2.55643e-07,2.55643e-07
102,2.06e-05,2.80784,0,0,0,0,0,0,0,0,0,0,0,0,2.55643e-07,2.55643e-07
103,2.08e-05,2.81217,0,0,0,0,0,0,0,0,0,0,0,0,2.55643e-07,2.55643e-07
104,2.1e-05,2.81641,0,0,0,0,0,0,0,0,0,0,0,0,2.55643e-07,2.55643e-07
105,2.12e-05,2.82064,0,0,0,0,0,0,0,0,0,0,0,0,2.55643e-07,2.55643e-07
106,2.14e-05,2.82552,0,0,0,0,0,0,0,0,0,0,0,0,2.55643e-07,2.55643e-07
107,2.16e-05,2.83116,0,0,0,0,0,0,0,0,0,0,0,0,2.55643e-07,2.55643e-07
108,2.18e-05,2.83609,0,0,0,0,0,0,0,0,0,0,0,0,2.55643e-07,2.55643e-07
109,2.2e-05,2.84068,0,0,0,0,0,0,0,0,0,0,0,0,2.55643e-07,2.55643e-07
110,2.22e-05,2.84536,0,0,0,0,0,0,0,0,0,0,0,0,2.55643e-07,2.55643e-07
111,2.24e-05,2.84982,0,0,0,0,0,0,0,0,0,0,0,0,2.55643e-07,2.55643e-07
112,2.26e-05,2.8546,0,0,0,0,0,0,0,0,0,0,0,0,2.55643e-07,2.55643e-07
113,2.28e-05,2.859,0,0,0,0,0,0,0,0,0,0,0,0,2.55643e-07,2.55643e-07
114,2.3e-05,2.86349,0,0,0,0,0,0,0,0,0,0,0,0,2.55643e-07,2.55643e-07
115,2.32e-05,2.86825,0,0,0,0,0,0,0,0,0,0,0,0,2.55643e-07,2.55643e-07
116,2.34e-05,2.87302,0,0,0,0,0,0,0,0,0,0,0,0,2.55643e-07,2.55643e-07
117,2.36e-05,2.87839,0,0,0,0,0,0,0,0,0,0,0,0,2.55643e-07,2.55643e-07
118,2.38e-05,2.88272,0,0,0,0,0,0,0,0,0,0,0,0,2.55643e-07,2.55643e-07
119,2.4e-05,2.88696,0,0,0,0,0,0,0,0,0,0,0,0,2.55643e-07,2.55643e-07
120,2.42e-05,2.89108,0,0,0,0,0,0,0,0,0,0,0,0,2.55643e-07,2.55643e-07
121,2.44e-05,2.89564,0,0,0,0,0,0,0,0,0,0,0,0,2.55643e-07,2.55643e-07
122,2.46e-05,2.8997,0,0,0,0,0,0,0,0,0,0,0,0,2.55643e-07,2.55643e-07
123,2.48e-05,2.90406,0,0,0,0,0,0,0,0,0,0,0,0,2.55643e-07,2.55643e-07
124,2.5e-05,2.90865,0,0,0,0,0,0,0,0,0,0,0,0,2.55643e-07,2.55643e-07
125,2.52e-05,2.91357,0,0,0,0,0,0,0,0,0,0,0,0,2.55643e-07,2.55643e-07
126,2.54e-05,2.91778,0,0,0,0,0,0,0,0,0,0,0,0,2.55643e-07,2.55643e-07
127,2.56e-05,2.92227,0,0,0,0,0,0,0,0,0,0,0,0,2.55643e-07,2.55643e-07
128,2.58e-05,2.92704,0,0,0,0,0,0,0,0,0,0,0,0,2.55643e-07,2.55643e-07
129,2.6e-05,2.93194,0,0,0,0,0,0,0,0,0,0,0,0,2.55643e-07,2.55643e-07
130,2.62e-05,2.9364,0,0,0,0,0,0,0,0,0,0,0,0,2.55643e-07,2.55643e-07
131,2.64e-05,2.94094,0,0,0,0,0,0,0,0,0,0,0,0,2.55643e-07,2.55643e-07
132,2.66e-05,2.94544,0,0,0,0,0,0,0,0,0,0,0,0,2.55643e-07,2.55643e-07
133,2.68e-05,2.95021,0,0,0,0,0,0,0,0,0,0,0,0,2.55643e-07,2.55643e-07
134,2.7e-05,2.95469,0,0,0,0,0,0,0,0,0,0,0,0,2.55643e-07,2.55643e-07
135,2.72e-05,2.95926,0,0,0,0,0,0,0,0,0,0,0,0,2.55643e-07,2.55643e-07
136,2.74e-05,2.9636,0,0,0,0,0,0,0,0,0,0,0,0,2.55643e-07,2.55643e-07
137,2.76e-05,2.96788,0,0,0,0,0,0,0,0,0,0,0,0,2.55643e-07,2.55643e-07
138,2.78e-05,2.97255,0,0,0,0,0,0,0,0,0,0,0,0,2.55643e-07,2.55643e-07
139,2.8e-05,2.97755,0,0,0,0,0,0,0,0,0,0,0,0,2.55643e-07,2.55643e-07
140,2.82e-05,2.98245,0,0,0,0,0,0,0,0,0,0,0,0,2.55643e-07,2.55643e-07
141,2.84e-05,2.98713,0,0,0,0,0,0,0,0,0,0,0,0,2.55643e-07,2.55643e-07
142,2.86e-05,2.99151,0,0,0,0,0,0,0,0,0,0,0,0,2.55643e-07,2.55643e-07
143,2.88e-05,2.9968,0,0,0,0,0,0,0,0,0,0,0,0,2.55643e-07,2.55643e-07
144,2.9e-05,3.00191,0,0,0,0,0,0,0,0,0,0,0,0,2.55643e-07,2.55643e-07
145,2.92e-05,3.00584,0,0,0,0,0,0,0,0,0,0,0,0,2.55643e-07,2.55643e-07
146,2.94e-05,3.00932,0,0,0,0,0,0,0,0,0,0,0,0,2.55643e-07,2.55643e-07
147,2.96e-05,3.01315,0,0,0,0,0,0,0,0,0,0,0,0,2.55643e-07,2.55643e-07
148,2.98e-05,3.01665,0,0,0,0,0,0,0,0,0,0,0,0,2.55643e-07,2.55643e-07
149,3e-05,3.02025,0,0,0,0,0,0,0,0,0,0,0,0,2.55643e-07,2.55643e-07
150,3.02e-05,3.02481,0,0,0,0,0,0,0,0,0,0,0,0,2.55643e-07,2.55643e-07
151,3.04e-05,3.74643,0,0,0,0,0,0,0,0,0,0,0,0,2.55643e-07,2.55643e-07
152,3.06e-05,3.75054,0,0,0,0,0,0,0,0,0,0,0,0,2.55643e-07,2.55643e-07
153,3.08e-05,3.75641,0,0,0,0,0,0,0,0,0,0,0,0,2.55643e-07,2.55643e-07
154,3.1e-05,3.76117,0,0,0,0,0,0,0,0,0,0,0,0,2.55643e-07,2.55643e-07
155,3.12e-05,3.76554,0,0,0,0,0,0,0,0,0,0,0,0,2.55643e-07,2.55643e-07
156,3.14e-05,3.77045,0,0,0,0,0,0,0,0,0,0,0,0,2.55643e-07,2.55643e-07
157,3.16e-05,3.77453,0,0,0,0,0,0,0,0,0,0,0,0,2.55643e-07,2.55643e-07
158,3.18e-05,3.77891,0,0,0,0,0,0,0,0,0,0,0,0,2.55643e-07,2.55643e-07
159,3.2e-05,3.78308,0,0,0,0,0,0,0,0,0,0,0,0,2.55643e-07,2.55643e-07
160,3.22e-05,3.78716,0,0,0,0,0,0,0,0,0,0,0,0,2.55643e-07,2.55643e-07
161,3.24e-05,3.79114,0,0,0,0,0,0,0,0,0,0,0,0,2.55643e-07,2.55643e-07
162,3.26e-05,3.79533,0,0,0,0,0,0,0,0,0,0,0,0,2.55643e-07,2.55643e-07
163,3.28e-05,3.79925,0,0,0,0,0,0,0,0,0,0,0,0,2.55643e-07,2.55643e-07
164,3.3e-05,3.80315,0,0,0,0,0,0,0,0,0,0,0,0,2.55643e-07,2.55643e-07
165,3.32e-05,3.80758,0,0,0,0,0,0,0,0,0,0,0,0,2.55643e-07,2.55643e-07
166,3.34e-05,3.81189,0,0,0,0,0,0,0,0,0,0,0,0,2.55643e-07,2.55643e-07
167,3.36e-05,3.81552,0,0,0,0,0,0,0,0,0,0,0,0,2.55643e-07,2.55643e-07
168,3.38e-05,3.81914,0,0,0,0,0,0,0,0,0,0,0,0,2.55643e-07,2.55643e-07
169,3.4e-05,3.82358,0,0,0,0,0,0,0,0,0,0,0,0,2.55643e-07,2.55643e-07
170,3.42e-05,3.8287,0,0,0,0,0,0,0,0,0,0,0,0,2.55643e-07,2.55643e-07
171,3.44e-05,3.83339,0,0,0,0,0,0,0,0,0,0,0,0,2.55643e-07,2.55643e-07
172,3.46e-05,3.83812,0,0,0,0,0,0,0,0,0,0,0,0,2.55643e-07,2.55643e-07
173,3.48e-05,3.8424,0,0,0,0,0,0,0,0,0,0,0,0,2.55643e-07,2.55643e-07
174,3.5e-05,3.84654,0,0,0,0,0,0,0,0,0,0,0,0,2.55643e-07,2.55643e-07
175,3.52e-05,3.85005,0,0,0,0,0,0,0,0,0,0,0,0,2.55643e-07,2.55643e-07
176,3.54e-05,3.85371,0,0,0,0,0,0,0,0,0,0,0,0,2.55643e-07,2.55643e-07
177,3.56e-05,3.85798,0,0,0,0,0,0,0,0,0,0,0,0,2.55643e-07,2.55643e-07
178,3.58e-05,3.8625,0,0,0,0,0,0,0,0,0,0,0,0,2.55643e-07,2.55643e-07
179,3.6e-05,3.86699,0,0,0,0,0,0,0,0,0,0,0,0,2.55643e-07,2.55643e-07
180,3.62e-05,3.87088,0,0,0,0,0,0,0,0,0,0,0,0,2.55643e-07,2.55643e-07
181,3.64e-05,3.87432,0,0,0,0,0,0,0,0,0,0,0,0,2.55643e-07,2.55643e-07
182,3.66e-05,3.87888,0,0,0,0,0,0,0,0,0,0,0,0,2.55643e-07,2.55643e-07
183,3.68e-05,3.88327,0,0,0,0,0,0,0,0,0,0,0,0,2.55643e-07,2.55643e-07
184,3.7e-05,3.88765,0,0,0,0,0,0,0,0,0,0,0,0,2.55643e-07,2.55643e-07
185,3.72e-05,3.89236,0,0,0,0,0,0,0,0,0,0,0,0,2.55643e-07,2.55643e-07
186,3.74e-05,3.89665,0,0,0,0,0,0,0,0,0,0,0,0,2.55643e-07,2.55643e-07
187,3.76e-05,3.90037,0,0,0,0,0,0,0,0,0,0,0,0,2.55643e-07,2.55643e-07
188,3.78e-05,3.90449,0,0,0,0,0,0,0,0,0,0,0,0,2.55643e-07,2.55643e-07
189,3.8e-05,3.90916,0,0,0,0,0,0,0,0,0,0,0,0,2.55643e-07,2.55643e-07
190,3.82e-05,3.91404,0,0,0,0,0,0,0,0,0,0,0,0,2.55643e-07,2.55643e-07
191,3.84e-05,3.91871,0,0,0,0,0,0,0,0,0,0,0,0,2.55643e-07,2.55643e-07
192,3.86e-05,3.92368,0,0,0,0,0,0,0,0,0,0,0,0,2.55643e-07,2.55643e-07
193,3.88e-05,3.92833,0,0,0,0,0,0,0,0,0,0,0,0,2.55643e-07,2.55643e-07
194,3.9e-05,3.93259,0,0,0,0,0,0,0,0,0,0,0,0,2.55643e-07,2.55643e-07
195,3.92e-05,3.93696,0,0,0,0,0,0,0,0,0,0,0,0,2.55643e-07,2.55643e-07
196,3.94e-05,3.94131,0,0,0,0,0,0,0,0,0,0,0,0,2.55643e-07,2.55643e-07
197,3.96e-05,3.94552,0,0,0,0,0,0,0,0,0,0,0,0,2.55643e-07,2.55643e-07
198,3.98e-05,3.95007,0,0,0,0,0,0,0,0,0,0,0,0,2.55643e-07,2.55643e-07
199,4e-05,3.95473,0,0,0,0,0,0,0,0,0,0,0,0,2.55643e-07,2.55643e-07
200,4.02e-05,3.95926,0,0,0,0,0,0,0,0,0,0,0,0,2.55643e-07,2.55643e-07
201,4.04e-05,4.7213,0,0,0,0,0,0,0,0,0,0,0,0,2.55643e-07,2.55643e-07
202,4.06e-05,4.72526,0,0,0,0,0,0,0,0,0,0,0,0,2.55643e-07,2.55643e-07
203,4.08e-05,4.73113,0,0,0,0,0,0,0,0,0,0,0,0,2.55643e-07,2.55643e-07
204,4.1e-05,4.73583,0,0,0,0,0,0,0,0,0,0,0,0,2.55643e-07,2.55643e-07
205,4.12e-05,4.74043,0,0,0,0,0,0,0,0,0,0,0,0,2.55643e-07,2.55643e-07
206,4.14e-05,4.74565,0,0,0,0,0,0,0,0,0,0,0,0,2.55643e-07,2.55643e-07
207,4.16e-05,4.74981,0,0,0,0,0,0,0,0,0,0,0,0,2.55643e-07,2.55643e-07
208,4.18e-05,4.75448,0,0,0,0,0,0,0,0,0,0,0,0,2.55643e-07,2.55643e-07
209,4.2e-05,4.7585,0,0,0,0,0,0,0,0,0,0,0,0,2.55643e-07,2.55643e-07
210,4.22e-05,4.7631,0,0,0,0,0,0,0,0,0,0,0,0,2.55643e-07,2.55643e-07
211,4.24e-05,4.76669,0,0,0,0,0,0,0,0,0,0,0,0,2.55643e-07,2.55643e-07
212,4.26e-05,4.7703,0,0,0,0,0,0,0,0,0,0,0,0,2.55643e-07,2.55643e-07
213,4.28e-05,4.77468,0,0,0,0,0,0,0,0,0,0,0,0,2.55643e-07,2.55643e-07
214,4.3e-05,4.77987,0,0,0,0,0,0,0,0,0,0,0,0,2.55643e-07,2.55643e-07
215,4.32e-05,4.78441,0,0,0,0,0,0,0,0,0,0,0,0,2.55643e-07,2.55643e-07
216,4.34e-05,4.78905,0,0,0,0,0,0,0,0,0,0,0,0,2.55643e-07,2.55643e-07
217,4.36e-05,4.79335,0,0,0,0,0,0,0,0,0,0,0,0,2.55643e-07,2.55643e-07
218,4.38e-05,4.79793,0,0,0,0,0,0,0,0,0,0,0,0,2.55643e-07,2.55643e-07
219,4.4e-05,4.80226,0,0,0,0,0,0,0,0,0,0,0,0,2.55643e-07,2.55643e-07
220,4.42e-05,4.80659,0,0,0,0,0,0,0,0,0,0,0,0,2.55643e-07,2.55643e-07
221,4.44e-05,4.81083,0,0,0,0,0,0,0,0,0,0,0,0,2.55643e-07,2.55643e-07
222,4.46e-05,4.81509,0,0,0,0,0,0,0,0,0,0,0,0,2.55643e-07,2.55643e-07
223,4.48e-05,4.8193,0,0,0,0,0,0,0,0,0,0,0,0,2.55643e-07,2.55643e-07
224,4.5e-05,4.8236,0,0,0,0,0,0,0,0,0,0,0,0,2.55643e-07,2.55643e-07
225,4.52e-05,4.82854,0,0,0,0,0,0,0,0,0,0,0,0,2.55643e-07,2.55643e-07
226,4.54e-05,4.83301,0,0,0,0,0,0,0,0,0,0,0,0,2.55643e-07,2.55643e-07
227,4.56e-05,4.83712,0,0,0,0,0,0,0,0,0,0,0,0,2.55643e-07,2.55643e-07
228,4.58e-05,4.84083,0,0,0,0,0,0,0,0,0,0,0,0,2.55643e-07,2.55643e-07
229,4.6e-05,4.84457,0,0,0,0,0,0,0,0,0,0,0,0,2.55643e-07,2.55643e-07
230,4.62e-05,4.84851,0,0,0,0,0,0,0,0,0,0,0,0,2.55643e-07,2.55643e-07
231,4.64e-05,4.85212,0,0,0,0,0,0,0,0,0,0,0,0,2.55643e-07,2.55643e-07
232,4.66e-05,4.85578,0,0,0,0,0,0,0,0,0,0,0,0,2.55643e-07,2.55643e-07
233,4.68e-05,4.85933,0,0,0,0,0,0,0,0,0,0,0,0,2.55643e-07,2.55643e-07
234,4.7e-05,4.86308,0,0,0,0,0,0,0,0,0,0,0,0,2.55643e-07,2.55643e-07
235,4.72e-05,4.86663,0,0,0,0,0,0,0,0,0,0,0,0,2.55643e-07,2.55643e-07
236,4.74e-05,4.87065,0,0,0,0,0,0,0,0,0,0,0,0,2.55643e-07,2.55643e-07
237,4.76e-05,4.87484,0,0,0,0,0,0,0,0,0,0,0,0,2.55643e-07,2.55643e-07
238,4.78e-05,4.87938,0,0,0,0,0,0,0,0,0,0,0,0,2.55643e-07,2.55643e-07
239,4.8e-05,4.88383,0,0,0,0,0,0,0,0,0,0,0,0,2.55643e-07,2.55643e-07
240,4.82e-05,4.88901,0,0,0,0,0,0,0,0,0,0,0,0,2.55643e-07,2.55643e-07
241,4.84e-05,4.89374,0,0,0,0,0,0,0,0,0,0,0,0,2.55643e-07,2.55643e-07
242,4.86e-05,4.89882,0,0,0,0,0,0,0,0,0,0,0,0,2.55643e-07,2.55643e-07
243,4.88e-05,4.90349,0,0,0,0,0,0,0,0,0,0,0,0,2.55643e-07,2.55643e-07
244,4.9e-05,4.90819,0,0,0,0,0,0,0,0,0,0,0,0,2.55643e-07,2.55643e-07
245,4.92e-05,4.91297,0,0,0,0,0,0,0,0,0,0,0,0,2.55643e-07,2.55643e-07
246,4.94e-05,4.91772,0,0,0,0,0,0,0,0,0,0,0,0,2.55643e-07,2.55643e-07
247,4.96e-05,4.92226,0,0,0,0,0,0,0,0,0,0,0,0,2.55643e-07,2.55643e-07
248,4.98e-05,4.92722,0,0,0,0,0,0,0,0,0,0,0,0,2.55643e-07,2.55643e-07
249,5e-05,4.93184,0,0,0,0,0,0,0,0,0,0,0,0,2.55643e-07,2.55643e-07
250,5.02e-05,4.93642,0,0,0,0,0,0,0,0,0,0,0,0,2.55643e-07,2.55643e-07
251,5.04e-05,5.72029,0,0,0,0,0,0,0,0,0,0,0,0,2.55643e-07,2.55643e-07
252,5.06e-05,5.724,0,0,0,0,0,0,0,0,0,0,0,0,2.55643e-07,2.55643e-07
253,5.08e-05,5.72845,0,0,0,0,0,0,0,0,0,0,0,0,2.55643e-07,2.55643e-07
254,5.1e-05,5.73231,0,0,0,0,0,0,0,0,0,0,0,0,2.55643e-07,2.55643e-07
255,5.12e-05,5.73644,0,0,0,0,0,0,0,0,0,0,0,0,2.55643e-07,2.55643e-07
256,5.14e-05,5.74048,0,0,0,0,0,0,0,0,0,0,0,0,2.55643e-07,2.55643e-07
257,5.16e-05,5.74481,0,0,0,0,0,0,0,0,0,0,0,0,2.55643e-07,2.55643e-07
258,5.18e-05,5.74914,0,0,0,0,0,0,0,0,0,0,0,0,2.55643e-07,2.55643e-07
259,5.2e-05,5.75338,0,0,0,0,0,0,0,0,0,0,0,0,2.55643e-07,2.55643e-07
260,5.22e-05,5.75767,0,0,0,0,0,0,0,0,0,0,0,0,2.55643e-07,2.55643e-07
261,5.24e-05,5.76189,0,0,0,0,0,0,0,0,0,0,0,0,2.55643e-07,2.55643e-07
262,5.26e-05,5.76591,0,0,0,0,0,0,0,0,0,0,0,0,2.55643e-07,2.55643e-07
263,5.28e-05,5.76983,0,0,0,0,0,0,0,0,0,0,0,0,2.55643e-07,2.55643e-07
264,5.3e-05,5.77404,0,0,0,0,0,0,0,0,0,0,0,0,2.55643e-07,2.55643e-07
265,5.32e-05,5.7787,0,0,0,0,0,0,0,0,0,0,0,0,2.55643e-07,2.55643e-07
266,5.34e-05,5.7832,0,0,0,0,0,0,0,0,0,0,0,0,2.55643e-07,2.55643e-07
267,5.36e-05,5.78774,0,0,0,0,0,0,0,0,0,0,0,0,2.55643e-07,2.55643e-07
268,5.38e-05,5.79184,0,0,0,0,0,0,0,0,0,0,0,0,2.55643e-07,2.55643e-07
269,5.4e-05,5.79616,0,0,0,0,0,0,0,0,0,0,0,0,2.55643e-07,2.55643e-07
270,5.42e-05,5.79989,0,0,0,0,0,0,0,0,0,0,0,0,2.55643e-07,2.55643e-07
271,5.44e-05,5.80371,0,0,0,0,0,0,0,0,0,0,0,0,2.55643e-07,2.55643e-07
272,5.46e-05,5.8081,0,0,0,0,0,0,0,0,0,0,0,0,2.55643e-07,2.55643e-07
273,5.48e-05,5.81284,0,0,0,0,0,0,0,0,0,0,0,0,2.55643e-07,2.55643e-07
274,5.5e-05,5.81692,0,0,0,0,0,0,0,0,0,0,0,0,2.55643e-07,2.55643e-07
275,5.52e-05,5.82112,0,0,0,0,0,0,0,0,0,0,0,0,2.55643e-07,2.55643e-07
276,5.54e-05,5.8259,0,0,0,0,0,0,0,0,0,0,0,0,2.55643e-07,2.55643e-07
277,5.56e-05,5.83069,0,0,0,0,0,0,0,0,0,0,0,0,2.55643e-07,2.55643e-07
278,5.58e-05,5.83521,0,0,0,0,0,0,0,0,0,0,0,0,2.55643e-07,2.55643e-07
279,5.6e-05,5.83959,0,0,0,0,0,0,0,0,0,0,0,0,2.55643e-07,2.55643e-07
280,5.62e-05,5.84398,0,0,0,0,0,0,0,0,0,0,0,0,2.55643e-07,2.55643e-07
281,5.64e-05,5.8485,0,0,0,0,0,0,0,0,0,0,0,0,2.55643e-07,2.55643e-07
282,5.66e-05,5.85265,0,0,0,0,0,0,0,0,0,0,0,0,2.55643e-07,2.55643e-07
283,5.68e-05,5.8565,0,0,0,0,0,0,0,0,0,0,0,0,2.55643e-07,2.55643e-07
284,5.7e-05,5.86011,0,0,0,0,0,0,0,0,0,0,0,0,2.55643e-07,2.55643e-07
285,5.72e-05,5.86426,0,0,0,0,0,0,0,0,0,0,0,0,2.55643e-07,2.55643e-07
286,5.74e-05,5.86839,0,0,0,0,0,0,0,0,0,0,0,0,2.55643e-07,2.55643e-07
287,5.76e-05,5.87299,0,0,0,0,0,0,0,0,0,0,0,0,2.55643e-07,2.55643e-07
288,5.78e-05,5.87745,0,0,0,0,0,0,0,0,0,0,0,0,2.55643e-07,2.55643e-07
289,5.8e-05,5.88213,0,0,0,0,0,0,0,0,0,0,0,0,2.55643e-07,2.55643e-07
290,5.82e-05,5.8866,0,0,0,0,0,0,0,0,0,0,0,0,2.55643e-07,2.55643e-07
291,5.84e-05,5.89123,0,0,0,0,0,0,0,0,0,0,0,0,2.55643e-07,2.55643e-07
292,5.86e-05,5.89585,0,0,0,0,0,0,0,0,0,0,0,0,2.55643e-07,2.55643e-07
293,5.88e-05,5.90101,0,0,0,0,0,0,0,0,0,0,0,0,2.55643e-07,2.55643e-07
294,5.9e-05,5.90566,0,0,0,0,0,0,0,0,0,0,0,0,2.55643e-07,2.55643e-07
295,5.92e-05,5.91045,0,0,0,0,0,0,0,0,0,0,0,0,2.55643e-07,2.55643e-07
296,5.94e-05,5.91597,0,0,0,0,0,0,0,0,0,0,0,0,2.55643e-07,2.55643e-07
297,5.96e-05,5.92115,0,0,0,0,0,0,0,0,0,0,0,0,2.55643e-07,2.55643e-07
298,5.98e-05,5.92632,0,0,0,0,0,0,0,0,0,0,0,0,2.55643e-07,2.55643e-07
299,6e-05,5.93165,0,0,0,0,0,0,0,0,0,0,0,0,2.55643e-07,2.55643e-07
300,6.02e-05,5.93678,0,0,0,0,0,0,0,0,0,0,0,0,2.55643e-07,2.55643e-07
301,6.04e-05,6.79523,0,0,0,0,0,0,0,0,0,0,0,0,2.55643e-07,2.55643e-07
302,6.06e-05,6.79989,0,0,0,0,0,0,0,0,0,0,0,0,2.55643e-07,2.55643e-07
303,6.08e-05,6.80414,0,0,0,0,0,0,0,0,0,0,0,0,2.55643e-07,2.55643e-07
304,6.1e-05,6.80851,0,0,0,0,0,0,0,0,0,0,0,0,2.55643e-07,2.55643e-07
305,6.12e-05,6.81322,0,0,0,0,0,0,0,0,0,0,0,0,2.55643e-07,2.55643e-07
306,6.14e-05,6.81784,0,0,0,0,0,0,0,0,0,0,0,0,2.55643e-07,2.55643e-07
307,6.16e-05,6.82228,0,0,0,0,0,0,0,0,0,0,0,0,2.55643e-07,2.55643e-07
308,6.18e-05,6.82725,0,0,0,0,0,0,0,0,0,0,0,0,2.55643e-07,2.55643e-07
309,6.2e-05,6.83214,0,0,0,0,0,0,0,0,0,0,0,0,2.55643e-07,2.55643e-07
310,6.22e-05,6.83694,0,0,0,0,0,0,0,0,0,0,0,0,2.55643e-07,2.55643e-07
311,6.24e-05,6.84125,0,0,0,0,0,0,0,0,0,0,0,0,2.55643e-07,2.55643e-07
312,6.26e-05,6.84582,0,0,0,0,0,0,0,0,0,0,0,0,2.55643e-07,2.55643e-07
313,6.28e-05,6.85066,0,0,0,0,0,0,0,0,0,0,0,0,2.55643e-07,2.55643e-07
314,6.3e-05,6.85553,0,0,0,0,0,0,0,0,0,0,0,0,2.55643e-07,2.55643e-07
315,6.32e-05,6.86051,0,0,0,0,0,0,0,0,0,0,0,0,2.55643e-07,2.55643e-07
316,6.34e-05,6.86559,0,0,0,0,0,0,0,0,0,0,0,0,2.55643e-07,2.55643e-07
317,6.36e-05,6.87018,0,0,0,0,0,0,0,0,0,0,0,0,2.55643e-07,2.55643e-07
318,6.38e-05,6.87426,0,0,0,0,0,0,0,0,0,0,0,0,2.55643e-07,2.55643e-07
319,6.4e-05,6.87852,0,0,0,0,0,0,0,0,0,0,0,0,2.55643e-07,2.55643e-07
320,6.42e-05,6.88307,0,0,0,0,0,0,0,0,0,0,0,0,2.55643e-07,2.55643e-07
321,6.44e-05,6.88805,0,0,0,0,0,0,0,0,0,0,0,0,2.55643e-07,2.55643e-07
322,6.46e-05,6.89301,0,0,0,0,0,0,0,0,0,0,0,0,2.55643e-07,2.55643e-07
323,6.48e-05,6.89817,0,0,0,0,0,0,0,0,0,0,0,0,2.55643e-07,2.55643e-07
324,6.5e-05,6.90338,0,0,0,0,0,0,0,0,0,0,0,0,2.55643e-07,2.55643e-07
325,6.52e-05,6.90758,0,0,0,0,0,0,0,0,0,0,0,0,2.55643e-07,2.55643e-07
326,6.54e-05,6.91203,0,0,0,0,0,0,0,0,0,0,0,0,2.55643e-07,2.55643e-07
327,6.56e-05,6.9166,0,0,0,0,0,0,0,0,0,0,0,0,2.55643e-07,2.55643e-07
328,6.58e-05,6.92117,0,0,0,0,0,0,0,0,0,0,0,0,2.55643e-07,2.55643e-07
329,6.6e-05,6.92561,0,0,0,0,0,0,0,0,0,0,0,0,2.55643e-07,2.55643e-07
330,6.62e-05,6.93096,0,0,0,0,0,0,0,0,0,0,0,0,2.55643e-07,2.55643e-07
331,6.64e-05,6.9356,0,0,0,0,0,0,0,0,0,0,0,0,2.55643e-07,2.55643e-07
332,6.66e-05,6.94031,0,0,0,0,0,0,0,0,0,0,0,0,2.55643e-07,2.55643e-07
333,6.68e-05,6.94508,0,0,0,0,0,0,0,0,0,0,0,0,2.55643e-07,2.55643e-07
334,6.7e-05,6.95122,0,0,0,0,0,0,0,0,0,0,0,0,2.55643e-07,2.55643e-07
335,6.72e-05,6.95566,0,0,0,0,0,0,0,0,0,0,0,0,2.55643e-07,2.55643e-07
336,6.74e-05,6.95967,0,0,0,0,0,0,0,0,0,0,0,0,2.55643e-07,2.55643e-07
337,6.76e-05,6.96355,0,0,0,0,0,0,0,0,0,0,0,0,2.55643e-07,2.55643e-07
338,6.78e-05,6.96807,0,0,0,0,0,0,0,0,0,0,0,0,2.55643e-07,2.55643e-07
339,6.8e-05,6.97242,0,0,0,0,0,0,0,0,0,0,0,0,2.55643e-07,2.55643e-07
340,6.82e-05,6.97701,0,0,0,0,0,0,0,0,0,0,0,0,2.55643e-07,2.55643e-07
341,6.84e-05,6.98195,0,0,0,0,0,0,0,0,0,0,0,0,2.55643e-07,2.55643e-07
342,6.86e-05,6.98658,0,0,0,0,0,0,0,0,0,0,0,0,2.55643e-07,2.55643e-07
343,6.88e-05,6.99106,0,0,0,0,0,0,0,0,0,0,0,0,2.55643e-07,2.55643e-07
344,6.9e-05,6.99617,0,0,0,0,0,0,0,0,0,0,0,0,2.55643e-07,2.55643e-07
345,6.92e-05,7.00135,0,0,0,0,0,0,0,0,0,0,0,0,2.55643e-07,2.55643e-07
346,6.94e-05,7.00642,0,0,0,0,0,0,0,0,0,0,0,0,2.55643e-07,2.55643e-07
347,6.96e-05,7.01083,0,0,0,0,0,0,0,0,0,0,0,0,2.55643e-07,2.55643e-07
348,6.98e-05,7.01582,0,0,0,0,0,0,0,0,0,0,0,0,2.55643e-07,2.55643e-07
349,7e-05,7.02004,0,0,0,0,0,0,0,0,0,0,0,0,2.55643e-07,2.55643e-07
350,7.02e-05,7.02473,0,0,0,0,0,0,0,0,0,0,0,0,2.55643e-07,2.55643e-07
351,7.04e-05,7.86721,0,0,0,0,0,0,0,0,0,0,0,0,2.55643e-07,2.55643e-07
352,7.06e-05,7.87063,0,0,0,0,0,0,0,0,0,0,0,0,2.55643e-07,2.55643e-07
353,7.08e-05,7.87639,0,0,0,0,0,0,0,0,0,0,0,0,2.55643e-07,2.55643e-07
354,7.1e-05,7.88285,0,0,0,0,0,0,0,0,0,0,0,0,2.55643e-07,2.55643e-07
355,7.12e-05,7.88826,0,0,0,0,0,0,0,0,0,0,0,0,2.55643e-07,2.55643e-07
356,7.14e-05,7.89311,0,0,0,0,0,0,0,0,0,0,0,0,2.55643e-07,2.55643e-07
357,7.16e-05,7.89806,0,0,0,0,0,0,0,0,0,0,0,0,2.55643e-07,2.55643e-07
358,7.18e-05,7.90241,0,0,0,0,0,0,0,0,0,0,0,0,2.55643e-07,2.55643e-07
359,7.2e-05,7.90671,0,0,0,0,0,0,0,0,0,0,0,0,2.55643e-07,2.55643e-07
360,7.22e-05,7.91086,0,0,0,0,0,0,0,0,0,0,0,0,2.55643e-07,2.55643e-07
361,7.24e-05,7.91497,0,0,0,0,0,0,0,0,0,0,0,0,2.55643e-07,2.55643e-07
362,7.26e-05,7.91897,0,0,0,0,0,0,0,0,0,0,0,0,2.55643e-07,2.55643e-07
363,7.28e-05,7.92325,0,0,0,0,0,0,0,0,0,0,0,0,2.55643e-07,2.55643e-07
364,7.3e-05,7.92757,0,0,0,0,0,0,0,0,0,0,0,0,2.55643e-07,2.55643e-07
365,7.32e-05,7.93186,0,0,0,0,0,0,0,0,0,0,0,0,2.55643e-07,2.55643e-07
366,7.34e-05,7.93594,0,0,0,0,0,0,0,0,0,0,0,0,2.55643e-07,2.55643e-07
367,7.36e-05,7.94021,0,0,0,0,0,0,0,0,0,0,0,0,2.55643e-07,2.55643e-07
368,7.38e-05,7.94449,0,0,0,0,0,0,0,0,0,0,0,0,2.55643e-07,2.55643e-07
369,7.4e-05,7.9488,0,0,0,0,0,0,0,0,0,0,0,0,2.55643e-07,2.55643e-07
370,7.42e-05,7.95288,0,0,0,0,0,0,0,0,0,0,0,0,2.55643e-07,2.55643e-07
371,7.44e-05,7.95693,0,0,0,0,0,0,0,0,0,0,0,0,2.55643e-07,2.55643e-07
372,7.46e-05,7.96088,0,0,0,0,0,0,0,0,0,0,0,0,2.55643e-07,2.55643e-07
373,7.48e-05,7.96487,0,0,0,0,0,0,0,0,0,0,0,0,2.55643e-07,2.55643e-07
374,7.5e-05,7.96871,0,0,0,0,0,0,0,0,0,0,0,0,2.55643e-07,2.55643e-07
375,7.52e-05,7.97284,0,0,0,0,0,0,0,0,0,0,0,0,2.55643e-07,2.55643e-07
376,7.54e-05,7.97737,0,0,0,0,0,0,0,0,0,0,0,0,2.55643e-07,2.55643e-07
377,7.56e-05,7.98163,0,0,0,0,0,0,0,0,0,0,0,0,2.55643e-07,2.55643e-07
378,7.58e-05,7.98607,0,0,0,0,0,0,0,0,0,0,0,0,2.55643e-07,2.55643e-07
379,7.6e-05,7.99035,0,0,0,0,0,0,0,0,0,0,0,0,2.55643e-07,2.55643e-07
380,7.62e-05,7.99459,0,0,0,0,0,0,0,0,0,0,0,0,2.55643e-07,2.55643e-07
381,7.64e-05,7.99906,0,0,0,0,0,0,0,0,0,0,0,0,2.55643e-07,2.55643e-07
382,7.66e-05,8.00322,0,0,0,0,0,0,0,0,0,0,0,0,2.55643e-07,2.55643e-07
383,7.68e-05,8.00688,0,0,0,0,0,0,0,0,0,0,0,0,2.55643e-07,2.55643e-07
384,7.7e-05,8.0105,0,0,0,0,0,0,0,0,0,0,0,0,2.55643e-07,2.55643e-07
385,7.72e-05,8.0142,0,0,0,0,0,0,0,0,0,0,0,0,2.55643e-07,2.55643e-07
386,7.74e-05,8.01764,0,0,0,0,0,0,0,0,0,0,0,0,2.55643e-07,2.55643e-07
387,7.76e-05,8.02178,0,0,0,0,0,0,0,0,0,0,0,0,2.55643e-07,2.55643e-07
388,7.78e-05,8.02566,0,0,0,0,0,0,0,0,0,0,0,0,2.55643e-07,2.55643e-07
389,7.8e-05,8.03008,0,0,0,0,0,0,0,0,0,0,0,0,2.55643e-07,2.55643e-07
390,7.82e-05,8.03384,0,0,0,0,0,0,0,0,0,0,0,0,2.55643e-07,2.55643e-07
391,7.84e-05,8.03838,0,0,0,0,0,0,0,0,0,0,0,0,2.55643e-07,2.55643e-07
392,7.86e-05,8.0426,0,0,0,0,0,0,0,0,0,0,0,0,2.55643e-07,2.55643e-07
393,7.88e-05,8.04687,0,0,0,0,0,0,0,0,0,0,0,0,2.55643e-07,2.55643e-07
394,7.9e-05,8.05033,0,0,0,0,0,0,0,0,0,0,0,0,2.55643e-07,2.55643e-07
395,7.92e-05,8.05392,0,0,0,0,0,0,0,0,0,0,0,0,2.55643e-07,2.55643e-07
396,7.94e-05,8.05781,0,0,0,0,0,0,0,0,0,0,0,0,2.55643e-07,2.55643e-07
397,7.96e-05,8.06222,0,0,0,0,0,0,0,0,0,0,0,0,2.55643e-07,2.55643e-07
398,7.98e-05,8.06611,0,0,0,0,0,0,0,0,0,0,0,0,2.55643e-07,2.55643e-07
399,8e-05,8.06993,0,0,0,0,0,0,0,0,0,0,0,0,2.55643e-07,2.55643e-07
400,8.02e-05,8.07437,0,0,0,0,0,0,0,0,0,0,0,0,2.55643e-07,2.55643e-07
401,8.04e-05,8.86163,0,0,0,0,0,0,0,0,0,0,0,0,2.55643e-07,2.55643e-07
402,8.06e-05,8.86551,0,0,0,0,0,0,0,0,0,0,0,0,2.55643e-07,2.55643e-07
403,8.08e-05,8.86969,0,0,0,0,0,0,0,0,0,0,0,0,2.55643e-07,2.55643e-07
404,8.1e-05,8.87414,0,0,0,0,0,0,0,0,0,0,0,0,2.55643e-07,2.55643e-07
405,8.12e-05,8.88021,0,0,0,0,0,0,0,0,0,0,0,0,2.55643e-07,2.55643e-07
406,8.14e-05,8.88476,0,0,0,0,0,0,0,0,0,0,0,0,2.55643e-07,2.55643e-07
407,8.16e-05,8.88935,0,0,0,0,0,0,0,0,0,0,0,0,2.55643e-07,2.55643e-07
408,8.18e-05,8.89343,0,0,0,0,0,0,0,0,0,0,0,0,2.55643e-07,2.55643e-07
409,8.2e-05,8.89793,0,0,0,0,0,0,0,0,0,0,0,0,2.55643e-07,2.55643e-07
410,8.22e-05,8.90152,0,0,0,0,0,0,0,0,0,0,0,0,2.55643e-07,2.55643e-07
411,8.24e-05,8.90614,0,0,0,0,0,0,0,0,0,0,0,0,2.55643e-07,2.55643e-07
412,8.26e-05,8.91035,0,0,0,0,0,0,0,0,0,0,0,0,2.55643e-07,2.55643e-07
413,8.28e-05,8.91496,0,0,0,0,0,0,0,0,0,0,0,0,2.55643e-07,2.55643e-07
414,8.3e-05,8.9192,0,0,0,0,0,0,0,0,0,0,0,0,2.55643e-07,2.55643e-07
415,8.32e-05,8.92359,0,0,0,0,0,0,0,0,0,0,0,0,2.55643e-07,2.55643e-07
416,8.34e-05,8.92786,0,0,0,0,0,0,0,0,0,0,0,0,2.55643e-07,2.55643e-07
417,8.36e-05,8.93256,0,0,0,0,0,0,0,0,0,0,0,0,2.55643e-07,2.55643e-07
418,8.38e-05,8.93696,0,0,0,0,0,0,0,0,0,0,0,0,2.55643e-07,2.55643e-07
419,8.4e-05,8.94112,0,0,0,0,0,0,0,0,0,0,0,0,2.55643e-07,2.55643e-07
420,8.42e-05,8.94542,0,0,0,0,0,0,0,0,0,0,0,0,2.55643e-07,2.55643e-07
421,8.44e-05,8.95029,0,0,0,0,0,0,0,0,0,0,0,0,2.55643e-07,2.55643e-07
422,8.46e-05,8.95468,0,0,0,0,0,0,0,0,0,0,0,0,2.55643e-07,2.55643e-07
423,8.48e-05,8.95965,0,0,0,0,0,0,0,0,0,0,0,0,2.55643e-07,2.55643e-07
424,8.5e-05,8.96387,0,0,0,0,0,0,0,0,0,0,0,0,2.55643e-07,2.55643e-07
425,8.52e-05,8.96746,0,0,0,0,0,0,0,0,0,0,0,0,2.55643e-07,2.55643e-07
426,8.54e-05,8.97216,0,0,0,0,0,0,0,0,0,0,0,0,2.55643e-07,2.55643e-07
427,8.56e-05,8.97702,0,0,0,0,0,0,0,0,0,0,0,0,2.55643e-07,2.55643e-07
428,8.58e-05,8.98094,0,0,0,0,0,0,0,0,0,0,0,0,2.55643e-07,2.55643e-07
429,8.6e-05,8.98457,0,0,0,0,0,0,0,0,0,0,0,0,2.55643e-07,2.55643e-07
430,8.62e-05,8.98927,0,0,0,0,0,0,0,0,0,0,0,0,2.55643e-07,2.55643e-07
431,8.64e-05,8.99402,0,0,0,0,0,0,0,0,0,0,0,0,2.55643e-07,2.55643e-07
432,8.66e-05,8.99934,0,0,0,0,0,0,0,0,0,0,0,0,2.55643e-07,2.55643e-07
433,8.68e-05,9.00476,0,0,0,0,0,0,0,0,0,0,0,0,2.55643e-07,2.55643e-07
434,8.7e-05,9.00956,0,0,0,0,0,0,0,0,0,0,0,0,2.55643e-07,2.55643e-07
435,8.72e-05,9.01455,0,0,0,0,0,0,0,0,0,0,0,0,2.55643e-07,2.55643e-07
436,8.74e-05,9.0191,0,0,0,0,0,0,0,0,0,0,0,0,2.55643e-07,2.55643e-07
437,8.76e-05,9.0229,0,0,0,0,0,0,0,0,0,0,0,0,2.55643e-07,2.55643e-07
438,8.78e-05,9.0272,0,0,0,0,0,0,0,0,0,0,0,0,2.55643e-07,2.55643e-07
439,8.8e-05,9.03268,0,0,0,0,0,0,0,0,0,0,0,0,2.55643e-07,2.55643e-07
440,8.82e-05,9.03747,0,0,0,0,0,0,0,0,0,0,0,0,2.55643e-07,2.55643e-07
441,8.84e-05,9.04269,0,0,0,0,0,0,0,0,0,0,0,0,2.55643e-07,2.55643e-07
442,8.86e-05,9.04782,0,0,0,0,0,0,0,0,0,0,0,0,2.55643e-07,2.55643e-07
443,8.88e-05,9.05304,0,0,0,0,0,0,0,0,0,0,0,0,2.55643e-07,2.55643e-07
444,8.9e-05,9.05716,0,0,0,0,0,0,0,0,0,0,0,0,2.55643e-07,2.55643e-07
445,8.92e-05,9.06205,0,0,0,0,0,0,0,0,0,0,0,0,2.55643e-07,2.55643e-07
446,8.94e-05,9.06653,0,0,0,0,0,0,0,0,0,0,0,0,2.55643e-07,2.55643e-07
447,8.96e-05,9.07123,0,0,0,0,0,0,0,0,0,0,0,0,2.55643e-07,2.55643e-07
448,8.98e-05,9.07572,0,0,0,0,0,0,0,0,0,0,0,0,2.55643e-07,2.55643e-07
449,9e-05,9.08066,0,0,0,0,0,0,0,0,0,0,0,0,2.55643e-07,2.55643e-07
450,9.02e-05,9.0851,0,0,0,0,0,0,0,0,0,0,0,0,2.55643e-07,2.55643e-07
451,9.04e-05,9.92763,0,0,0,0,0,0,0,0,0,0,0,0,2.55643e-07,2.55643e-07
452,9.06e-05,9.93307,0,0,0,0,0,0,0,0,0,0,0,0,2.55643e-07,2.55643e-07
453,9.08e-05,9.93876,0,0,0,0,0,0,0,0,0,0,0,0,2.55643e-07,2.55643e-07
454,9.1e-05,9.94487,0,0,0,0,0,0,0,0,0,0,0,0,2.55643e-07,2.55643e-07
455,9.12e-05,9.95089,0,0,0,0,0,0,0,0,0,0,0,0,2.55643e-07,2.55643e-07
456,9.14e-05,9.95618,0,0,0,0,0,0,0,0,0,0,0,0,2.55643e-07,2.55643e-07
457,9.16e-05,9.96184,0,0,0,0,0,0,0,0,0,0,0,0,2.55643e-07,2.55643e-07
458,9.18e-05,9.96829,0,0,0,0,0,0,0,0,0,0,0,0,2.55643e-07,2.55643e-07
459,9.2e-05,9.97518,0,0,0,0,0,0,0,0,0,0,0,0,2.55643e-07,2.55643e-07
460,9.22e-05,9.98033,0,0,0,0,0,0,0,0,0,0,0,0,2.55643e-07,2.55643e-07
461,9.24e-05,9.98517,0,0,0,0,0,0,0,0,0,0,0,0,2.55643e-07,2.55643e-07
462,9.26e-05,9.9908,0,0,0,0,0,0,0,0,0,0,0,0,2.55643e-07,2.55643e-07
463,9.28e-05,9.99681,0,0,0,0,0,0,0,0,0,0,0,0,2.55643e-07,2.55643e-07
464,9.3e-05,10.0023,0,0,0,0,0,0,0,0,0,0,0,0,2.55643e-07,2.55643e-07
465,9.32e-05,10.0065,0,0,0,0,0,0,0,0,0,0,0,0,2.55643e-07,2.55643e-07
466,9.34e-05,10.0102,0,0,0,0,0,0,0,0,0,0,0,0,2.55643e-07,2.55643e-07
467,9.36e-05,10.0139,0,0,0,0,0,0,0,0,0,0,0,0,2.55643e-07,2.55643e-07
468,9.38e-05,10.0175,0,0,0,0,0,0,0,0,0,0,0,0,2.55643e-07,2.55643e-07
469,9.4e-05,10.0212,0,0,0,0,0,0,0,0,0,0,0,0,2.55643e-07,2.55643e-07
470,9.42e-05,10.0254,0,0,0,0,0,0,0,0,0,0,0,0,2.55643e-07,2.55643e-07
471,9.44e-05,10.0297,0,0,0,0,0,0,0,0,0,0,0,0,2.55643e-07,2.55643e-07
472,9.46e-05,10.0338,0,0,0,0,0,0,0,0,0,0,0,0,2.55643e-07,2.55643e-07
473,9.48e-05,10.0387,0,0,0,0,0,0,0,0,0,0,0,0,2.55643e-07,2.55643e-07
474,9.5e-05,10.0434,0,0,0,0,0,0,0,0,0,0,0,0,2.55643e-07,2.55643e-07
475,9.52e-05,10.0481,0,0,0,0,0,0,0,0,0,0,0,0,2.55643e-07,2.55643e-07
476,9.54e-05,10.053,0,0,0,0,0,0,0,0,0,0,0,0,2.55643e-07,2.55643e-07
477,9.56e-05,10.0575,0,0,0,0,0,0,0,0,0,0,0,0,2.55643e-07,2.55643e-07
478,9.58e-05,10.0621,0,0,0,0,0,0,0,0,0,0,0,0,2.55643e-07,2.55643e-07
479,9.6e-05,10.0662,0,0,0,0,0,0,0,0,0,0,0,0,2.55643e-07,2.55643e-07
480,9.62e-05,10.0707,0,0,0,0,0,0,0,0,0,0,0,0,2.55643e-07,2.55643e-07
481,9.64e-05,10.0745,0,0,0,0,0,0,0,0,0,0,0,0,2.55643e-07,2.55643e-07
482,9.66e-05,10.0783,0,0,0,0,0,0,0,0,0,0,0,0,2.55643e-07,2.55643e-07
483,9.68e-05,10.0819,0,0,0,0,0,0,0,0,0,0,0,0,2.55643e-07,2.55643e-07
484,9.7e-05,10.0856,0,0,0,0,0,0,0,0,0,0,0,0,2.55643e-07,2.55643e-07
485,9.72e-05,10.0906,0,0,0,0,0,0,0,0,0,0,0,0,2.55643e-07,2.55643e-07
486,9.74e-05,10.0956,0,0,0,0,0,0,0,0,0,0,0,0,2.55643e-07,2.55643e-07
487,9.76e-05,10.1007,0,0,0,0,0,0,0,0,0,0,0,0,2.55643e-07,2.55643e-07
488,9.78e-05,10.1063,0,0,0,0,0,0,0,0,0,0,0,0,2.55643e-07,2.55643e-07
489,9.8e-05,10.1113,0,0,0,0,0,0,0,0,0,0,0,0,2.55643e-07,2.55643e-07
490,9.82e-05,10.116,0,0,0,0,0,0,0,0,0,0,0,0,2.55643e-07,2.55643e-07
491,9.84e-05,10.1205,0,0,0,0,0,0,0,0,0,0,0,0,2.55643e-07,2.55643e-07
492,9.86e-05,10.1255,0,0,0,0,0,0,0,0,0,0,0,0,2.55643e-07,2.55643e-07
493,9.88e-05,10.1298,0,0,0,0,0,0,0,0,0,0,0,0,2.55643e-07,2.55643e-07
494,9.9e-05,10.1341,0,0,0,0,0,0,0,0,0,0,0,0,2.55643e-07,2.55643e-07
495,9.92e-05,10.1399,0,0,0,0,0,0,0,0,0,0,0,0,2.55643e-07,2.55643e-07
496,9.94e-05,10.1451,0,0,0,0,0,0,0,0,0,0,0,0,2.55643e-07,2.55643e-07
497,9.96e-05,10.1501,0,0,0,0,0,0,0,0,0,0,0,0,2.55643e-07,2.55643e-07
498,9.98e-05,10.1558,0,0,0,0,0,0,0,0,0,0,0,0,2.55643e-07,2.55643e-07
499,0.0001,10.1608,0,0,0,0,0,0,0,0,0,0,0,0,2.55643e-07,2.55643e-07
500,0.0001002,10.9258,0,0,0,0,0,0,0,0,0,0,0,0,2.55643e-07,2.55643e-07
