t, ft, filtered ft Array, filtered ft Vector
1,0.405921,0.302459,0.302459
1.004,0.581712,0.35282,0.35282
1.00799,0.56816,0.402295,0.402295
1.01199,0.484979,0.450728,0.450728
1.01598,0.569219,0.498207,0.498207
1.01998,0.717056,0.533207,0.533207
1.02398,0.553976,0.53581,0.53581
1.02797,0.544218,0.516483,0.516483
1.03197,0.532762,0.495188,0.495188
1.03596,0.522274,0.482527,0.482527
1.03996,0.384999,0.458959,0.458959
1.04396,0.434551,0.423408,0.423408
1.04795,0.369116,0.393277,0.393277
1.05195,0.333923,0.366441,0.366441
1.05594,0.345705,0.321442,0.321442
1.05994,0.309974,0.296909,0.296909
1.06394,0.325987,0.266216,0.266216
1.06793,0.222541,0.228132,0.228132
1.07193,0.249016,0.201779,0.201779
1.07592,0.0377801,0.141316,0.141316
1.07992,0.252404,0.0744831,0.0744831
1.08392,0.0473808,0.0240663,0.0240663
1.08791,0.0156314,-0.0146949,-0.0146949
1.09191,0.0792262,-0.0476387,-0.0476387
1.0959,-0.331169,-0.1031,-0.1031
1.0999,-0.389456,-0.141177,-0.141177
1.1039,-0.244611,-0.190081,-0.190081
1.10789,-0.100386,-0.241088,-0.241088
1.11189,-0.139842,-0.272547,-0.272547
1.11588,-0.361063,-0.314475,-0.314475
1.11988,-0.381065,-0.330179,-0.330179
1.12388,-0.285532,-0.345877,-0.345877
1.12787,-0.513704,-0.370542,-0.370542
1.13187,-0.330412,-0.411708,-0.411708
1.13586,-0.381987,-0.451031,-0.451031
1.13986,-0.503907,-0.469228,-0.469228
1.14386,-0.562133,-0.480865,-0.480865
1.14785,-0.515931,-0.518939,-0.518939
1.15185,-0.553217,-0.509982,-0.509982
1.15584,-0.572385,-0.513266,-0.513266
1.15984,-0.561231,-0.508564,-0.508564
1.16384,-0.509075,-0.491737,-0.491737
1.16783,-0.704349,-0.479158,-0.479158
1.17183,-0.415177,-0.497324,-0.497324
1.17582,-0.366536,-0.503563,-0.503563
1.17982,-0.330265,-0.502656,-0.502656
1.18382,-0.318812,-0.478896,-0.478896
1.18781,-0.423759,-0.481413,-0.481413
1.19181,-0.715762,-0.450657,-0.450657
1.1958,-0.621838,-0.440848,-0.440848
1.1998,-0.56241,-0.45176,-0.45176
1.2038,-0.299875,-0.445079,-0.445079
1.20779,-0.536757,-0.438124,-0.438124
1.21179,-0.366034,-0.41093,-0.41093
1.21578,-0.307283,-0.368039,-0.368039
1.21978,-0.48657,-0.313508,-0.313508
1.22378,-0.256765,-0.268491,-0.268491
1.22777,-0.242313,-0.242437,-0.242437
1.23177,-0.124629,-0.191858,-0.191858
1.23576,-0.243954,-0.153157,-0.153157
1.23976,-0.0219961,-0.110744,-0.110744
1.24376,-0.0672242,-0.0481999,-0.0481999
1.24775,-0.0132757,-0.018992,-0.018992
1.25175,0.0196111,0.0348854,0.0348854
1.25574,0.0596702,0.0529069,0.0529069
1.25974,0.159266,0.119344,0.119344
1.26374,0.201411,0.164854,0.164854
1.26773,0.064522,0.209932,0.209932
1.27173,0.350338,0.251891,0.251891
1.27572,0.0736075,0.272788,0.272788
1.27972,0.486851,0.30285,0.30285
1.28372,0.478615,0.351232,0.351232
1.28771,0.428636,0.39465,0.39465
1.29171,0.448275,0.435787,0.435787
1.2957,0.249476,0.439576,0.439576
1.2997,0.390353,0.495596,0.495596
1.3037,0.691471,0.510266,0.510266
1.30769,0.67901,0.519238,0.519238
1.31169,0.517028,0.536119,0.536119
1.31568,0.392015,0.537657,0.537657
1.31968,0.689822,0.562084,0.562084
1.32368,0.648219,0.568391,0.568391
1.32767,0.577308,0.549474,0.549474
1.33167,0.614329,0.531947,0.531947
1.33566,0.465196,0.52353,0.52353
1.33966,0.518168,0.534801,0.534801
1.34366,0.459737,0.519199,0.519199
1.34765,0.483386,0.508148,0.508148
1.35165,0.486211,0.484863,0.484863
1.35564,0.424436,0.459092,0.459092
1.35964,0.515997,0.455156,0.455156
1.36364,0.518201,0.445481,0.445481
1.36763,0.526655,0.407658,0.407658
1.37163,0.321181,0.38024,0.38024
1.37562,0.330847,0.37444,0.37444
1.37962,0.421892,0.368271,0.368271
1.38362,0.411748,0.320304,0.320304
1.38761,0.0436858,0.301843,0.301843
1.39161,0.181786,0.277096,0.277096
1.3956,0.422412,0.257783,0.257783
1.3996,0.356572,0.236353,0.236353
1.4036,-0.0116314,0.189415,0.189415
1.40759,0.315121,0.139143,0.139143
1.41159,0.254441,0.133799,0.133799
1.41558,0.108744,0.106525,0.106525
1.41958,0.095116,0.0551063,0.0551063
1.42358,-0.094427,-0.00133569,-0.00133569
1.42757,-0.141247,-0.0243218,-0.0243218
1.43157,-0.0150993,-0.0808618,-0.0808618
1.43556,-0.118231,-0.135382,-0.135382
1.43956,-0.143189,-0.179306,-0.179306
1.44356,-0.26429,-0.228673,-0.228673
1.44755,-0.264478,-0.244714,-0.244714
1.45155,-0.306819,-0.265297,-0.265297
1.45554,-0.345277,-0.299143,-0.299143
1.45954,-0.374425,-0.311501,-0.311501
1.46354,-0.447924,-0.326635,-0.326635
1.46753,-0.27088,-0.32975,-0.32975
1.47153,-0.367651,-0.328185,-0.328185
1.47552,-0.387411,-0.36324,-0.36324
1.47952,-0.254164,-0.384415,-0.384415
1.48352,-0.309664,-0.377408,-0.377408
1.48751,-0.298557,-0.396307,-0.396307
1.49151,-0.247264,-0.41302,-0.41302
1.4955,-0.692422,-0.427589,-0.427589
1.4995,-0.578199,-0.431738,-0.431738
1.5035,-0.297347,-0.449512,-0.449512
1.50749,-0.655819,-0.466982,-0.466982
1.51149,-0.454721,-0.475566,-0.475566
1.51548,-0.527906,-0.494368,-0.494368
1.51948,-0.433059,-0.464482,-0.464482
1.52348,-0.449674,-0.443271,-0.443271
1.52747,-0.501831,-0.444138,-0.444138
1.53147,-0.392983,-0.408994,-0.408994
1.53546,-0.454088,-0.386102,-0.386102
1.53946,-0.36367,-0.353894,-0.353894
1.54346,-0.344889,-0.334926,-0.334926
1.54745,-0.306875,-0.31684,-0.31684
1.55145,-0.269237,-0.28648,-0.28648
1.55544,-0.202909,-0.257564,-0.257564
1.55944,-0.173625,-0.225219,-0.225219
1.56344,-0.224403,-0.187558,-0.187558
1.56743,-0.250736,-0.163533,-0.163533
1.57143,-0.167864,-0.112621,-0.112621
1.57542,-0.0749053,-0.0622623,-0.0622623
1.57942,-0.0982913,-0.0377685,-0.0377685
1.58342,0.0505923,-0.00979214,-0.00979214
1.58741,-0.0806053,0.0113756,0.0113756
1.59141,0.253158,0.0479023,0.0479023
1.5954,0.284703,0.0779948,0.0779948
1.5994,0.0665228,0.121724,0.121724
1.6034,0.134115,0.149028,0.149028
1.60739,0.0084419,0.174384,0.174384
1.61139,0.151059,0.222388,0.222388
1.61538,0.163153,0.228032,0.228032
1.61938,0.406121,0.232849,0.232849
1.62338,0.202051,0.263008,0.263008
1.62737,0.329503,0.288577,0.288577
1.63137,0.447442,0.326086,0.326086
1.63536,0.315242,0.349118,0.349118
1.63936,0.337689,0.374977,0.374977
1.64336,0.398271,0.378601,0.378601
1.64735,0.415376,0.390191,0.390191
1.65135,0.421034,0.402028,0.402028
1.65534,0.40442,0.392963,0.392963
1.65934,0.447596,0.401648,0.401648
1.66334,0.445991,0.41945,0.41945
1.66733,0.329532,0.437286,0.437286
1.67133,0.45971,0.453026,0.453026
1.67532,0.347737,0.460768,0.460768
1.67932,0.410775,0.43665,0.43665
1.68332,0.533506,0.442451,0.442451
1.68731,0.594465,0.446409,0.446409
1.69131,0.588522,0.446792,0.446792
1.6953,0.506195,0.418682,0.418682
1.6993,0.139119,0.399545,0.399545
1.7033,0.511413,0.372838,0.372838
1.70729,0.489525,0.347749,0.347749
1.71129,0.333751,0.312885,0.312885
1.71528,0.150493,0.274282,0.274282
1.71928,0.137231,0.231375,0.231375
1.72328,0.116993,0.223635,0.223635
1.72727,0.257528,0.180207,0.180207
1.73127,0.21096,0.134325,0.134325
1.73526,0.163889,0.0985095,0.0985095
1.73926,0.0342259,0.0750988,0.0750988
1.74326,0.0539721,0.0569196,0.0569196
1.74725,0.0337143,0.0366118,0.0366118
1.75125,-0.0151772,0.00513096,0.00513096
1.75524,-0.0602247,-0.0405135,-0.0405135
1.75924,-0.107025,-0.0760657,-0.0760657
1.76324,-0.0627401,-0.0936323,-0.0936323
1.76723,-0.106392,-0.111835,-0.111835
1.77123,-0.0887616,-0.154683,-0.154683
1.77522,-0.291129,-0.162997,-0.162997
1.77922,-0.227185,-0.2045,-0.2045
1.78322,-0.159006,-0.239022,-0.239022
1.78721,-0.146254,-0.261116,-0.261116
1.79121,-0.437621,-0.29193,-0.29193
1.7952,-0.106625,-0.306613,-0.306613
1.7992,-0.516761,-0.326326,-0.326326
1.8032,-0.486768,-0.335439,-0.335439
1.80719,-0.305768,-0.367805,-0.367805
1.81119,-0.445355,-0.398186,-0.398186
1.81518,-0.250271,-0.396252,-0.396252
1.81918,-0.507973,-0.421526,-0.421526
1.82318,-0.327429,-0.413248,-0.413248
1.82717,-0.515025,-0.403997,-0.403997
1.83117,-0.480454,-0.410221,-0.410221
1.83516,-0.416348,-0.401254,-0.401254
1.83916,-0.384638,-0.414742,-0.414742
1.84316,-0.425702,-0.396744,-0.396744
1.84715,-0.385004,-0.40091,-0.40091
1.85115,-0.374232,-0.391684,-0.391684
1.85514,-0.346715,-0.379871,-0.379871
1.85914,-0.398637,-0.353757,-0.353757
1.86314,-0.31,-0.329474,-0.329474
1.86713,-0.373252,-0.312534,-0.312534
1.87113,-0.413542,-0.28438,-0.28438
1.87512,-0.350506,-0.262967,-0.262967
1.87912,-0.129097,-0.257722,-0.257722
1.88312,-0.117526,-0.214411,-0.214411
1.88711,-0.239364,-0.190668,-0.190668
1.89111,-0.075304,-0.167459,-0.167459
1.8951,-0.138695,-0.142912,-0.142912
1.8991,-0.289016,-0.107653,-0.107653
1.9031,0.0777786,-0.0790495,-0.0790495
1.90709,-0.048822,-0.0563469,-0.0563469
1.91109,-0.117956,-0.0276762,-0.0276762
1.91508,-0.143521,-0.0152866,-0.0152866
1.91908,0.0373407,0.0114029,0.0114029
1.92308,0.185541,0.0506677,0.0506677
1.92707,0.132203,0.0609799,0.0609799
1.93107,0.0760135,0.0864319,0.0864319
1.93506,0.0609822,0.117653,0.117653
1.93906,0.154888,0.158438,0.158438
1.94306,0.142898,0.180271,0.180271
1.94705,0.191212,0.184337,0.184337
1.95105,0.23115,0.194187,0.194187
1.95504,0.225479,0.208722,0.208722
1.95904,0.305116,0.241492,0.241492
1.96304,0.277503,0.247339,0.247339
1.96703,0.230257,0.257273,0.257273
1.97103,0.240561,0.276973,0.276973
1.97502,0.235895,0.298942,0.298942
1.97902,0.421454,0.299459,0.299459
1.98302,0.2192,0.313676,0.313676
1.98701,0.252179,0.311826,0.311826
1.99101,0.407905,0.313009,0.313009
1.995,0.472808,0.316673,0.316673
1.999,0.231175,0.339254,0.339254
2.003,0.461495,0.324614,0.324614
2.00699,0.257152,0.337512,0.337512
2.01099,0.243274,0.339262,0.339262
2.01499,0.280869,0.325511,0.325511
2.01898,0.484279,0.311025,0.311025
2.02298,0.260417,0.31226,0.31226
2.02697,0.361078,0.291549,0.291549
2.03097,0.271428,0.286537,0.286537
2.03497,0.256641,0.279963,0.279963
2.03896,0.31346,0.271193,0.271193
2.04296,0.244767,0.235931,0.235931
2.04695,0.233673,0.227992,0.227992
2.05095,0.202019,0.199498,0.199498
2.05494,0.170959,0.186682,0.186682
2.05894,0.184398,0.168073,0.168073
2.06294,0.0963961,0.130447,0.130447
2.06693,0.173098,0.112358,0.112358
2.07093,0.0476364,0.0738204,0.0738204
2.07492,0.130451,0.0495576,0.0495576
2.07892,0.051947,0.0344304,0.0344304
2.08292,-0.100429,0.00622444,0.00622444
2.08691,0.0457916,-0.0263053,-0.0263053
2.09091,-0.190243,-0.0583616,-0.0583616
2.0949,-0.0648723,-0.0849244,-0.0849244
2.0989,0.00456009,-0.115,-0.115
2.1029,-0.125867,-0.150295,-0.150295
2.10689,-0.261431,-0.162357,-0.162357
2.11089,-0.179521,-0.198251,-0.198251
2.11489,-0.244554,-0.211105,-0.211105
2.11888,-0.200376,-0.232316,-0.232316
2.12288,-0.336303,-0.260365,-0.260365
2.12687,-0.23311,-0.27828,-0.27828
2.13087,-0.349043,-0.284317,-0.284317
2.13487,-0.331632,-0.298095,-0.298095
2.13886,-0.2982,-0.307493,-0.307493
2.14286,-0.303975,-0.315064,-0.315064
2.14685,-0.322935,-0.315766,-0.315766
2.15085,-0.327834,-0.319359,-0.319359
2.15485,-0.33108,-0.314698,-0.314698
2.15884,-0.34794,-0.302665,-0.302665
2.16284,-0.283651,-0.300457,-0.300457
2.16683,-0.344029,-0.288219,-0.288219
2.17083,-0.272627,-0.296791,-0.296791
2.17483,-0.297772,-0.302231,-0.302231
2.17882,-0.199272,-0.308425,-0.308425
2.18282,-0.273915,-0.294739,-0.294739
2.18681,-0.169357,-0.291132,-0.291132
2.19081,-0.417225,-0.268903,-0.268903
2.19481,-0.387676,-0.262215,-0.262215
2.1988,-0.399208,-0.261704,-0.261704
2.2028,-0.197393,-0.264287,-0.264287
2.20679,-0.243983,-0.249632,-0.249632
2.21079,-0.0995036,-0.242089,-0.242089
2.21479,-0.199063,-0.214917,-0.214917
2.21878,-0.292153,-0.189209,-0.189209
2.22278,-0.227678,-0.15999,-0.15999
2.22677,-0.112716,-0.142752,-0.142752
2.23077,-0.0863768,-0.11991,-0.11991
2.23477,-0.118334,-0.11025,-0.11025
2.23876,-0.104895,-0.0882075,-0.0882075
2.24276,-0.0777959,-0.0544889,-0.0544889
2.24675,-0.00776996,-0.0289031,-0.0289031
2.25075,0.00727761,-0.00815018,-0.00815018
2.25475,0.00675396,0.0115994,0.0115994
2.25874,0.0434039,0.027672,0.027672
2.26274,0.0787515,0.054027,0.054027
2.26673,0.0537659,0.0864898,0.0864898
2.27073,0.115566,0.106028,0.106028
2.27473,0.130869,0.118167,0.118167
2.27872,0.0584651,0.148952,0.148952
2.28272,0.18501,0.174605,0.174605
2.28671,0.279295,0.204661,0.204661
2.29071,0.20715,0.238073,0.238073
2.29471,0.140805,0.245126,0.245126
2.2987,0.345393,0.264583,0.264583
2.3027,0.325581,0.281192,0.281192
2.30669,0.409369,0.283868,0.283868
2.31069,0.421303,0.2904,0.2904
2.31469,0.193144,0.29475,0.29475
2.31868,0.344894,0.306451,0.306451
2.32268,0.241165,0.304602,0.304602
2.32667,0.214445,0.301729,0.301729
2.33067,0.35115,0.29114,0.29114
2.33467,0.254996,0.279649,0.279649
2.33866,0.269524,0.290218,0.290218
2.34266,0.325055,0.281301,0.281301
2.34665,0.29397,0.281067,0.281067
2.35065,0.292897,0.278223,0.278223
2.35465,0.294898,0.269312,0.269312
2.35864,0.309403,0.269476,0.269476
2.36264,0.246811,0.256663,0.256663
2.36663,0.238592,0.234103,0.234103
2.37063,0.18316,0.224967,0.224967
2.37463,0.253125,0.20359,0.20359
2.37862,0.256803,0.181334,0.181334
2.38262,0.128581,0.165983,0.165983
2.38661,0.0768937,0.140279,0.140279
2.39061,0.193475,0.12081,0.12081
2.39461,0.0577441,0.11254,0.11254
2.3986,0.0500832,0.0961717,0.0961717
2.4026,0.140542,0.0682686,0.0682686
2.40659,-0.035929,0.0569739,0.0569739
2.41059,0.0244285,0.0498097,0.0498097
2.41459,0.0921895,0.022997,0.022997
2.41858,0.0730784,0.00294349,0.00294349
2.42258,-0.0501315,-0.0166165,-0.0166165
2.42657,0.0043397,-0.0431947,-0.0431947
2.43057,-0.00191277,-0.0557773,-0.0557773
2.43457,-0.101465,-0.0741575,-0.0741575
2.43856,-0.162845,-0.0989636,-0.0989636
2.44256,-0.165077,-0.13022,-0.13022
2.44655,-0.151818,-0.14682,-0.14682
2.45055,-0.174337,-0.169854,-0.169854
2.45455,-0.177754,-0.186209,-0.186209
2.45854,-0.180678,-0.204731,-0.204731
2.46254,-0.270739,-0.224512,-0.224512
2.46653,-0.232732,-0.232856,-0.232856
2.47053,-0.249036,-0.239939,-0.239939
2.47453,-0.181816,-0.247901,-0.247901
2.47852,-0.305211,-0.246531,-0.246531
2.48252,-0.380432,-0.262671,-0.262671
2.48651,-0.256868,-0.253146,-0.253146
2.49051,-0.229722,-0.265948,-0.265948
2.49451,-0.26192,-0.27307,-0.27307
2.4985,-0.162687,-0.270074,-0.270074
2.5025,-0.35822,-0.269388,-0.269388
2.50649,-0.165961,-0.259163,-0.259163
2.51049,-0.373552,-0.252683,-0.252683
2.51449,-0.327382,-0.248013,-0.248013
2.51848,-0.148863,-0.245213,-0.245213
2.52248,-0.297662,-0.245932,-0.245932
2.52647,-0.267959,-0.230776,-0.230776
2.53047,-0.185586,-0.230543,-0.230543
2.53447,-0.178356,-0.210498,-0.210498
2.53846,-0.231115,-0.195028,-0.195028
2.54246,-0.170591,-0.190874,-0.190874
2.54645,-0.191508,-0.175227,-0.175227
2.55045,-0.163396,-0.163412,-0.163412
2.55445,-0.153064,-0.145079,-0.145079
2.55844,-0.157204,-0.128526,-0.128526
2.56244,-0.103168,-0.100444,-0.100444
2.56643,-0.125551,-0.0909219,-0.0909219
2.57043,-0.137995,-0.0641843,-0.0641843
2.57443,0.0160776,-0.0531071,-0.0531071
2.57842,0.00372452,-0.0330239,-0.0330239
2.58242,0.0777956,-0.0181912,-0.0181912
2.58641,-0.0658539,-0.00741419,-0.00741419
2.59041,0.102607,0.00526489,0.00526489
2.59441,-0.0415471,0.0265417,0.0265417
2.5984,0.0678511,0.048837,0.048837
2.6024,0.00595553,0.0566555,0.0566555
2.60639,0.0153795,0.0651772,0.0651772
2.61039,0.0139193,0.0834173,0.0834173
2.61439,0.0960504,0.0933376,0.0933376
2.61838,0.261326,0.1206,0.1206
2.62238,0.0897284,0.13396,0.13396
2.62637,0.171534,0.155072,0.155072
2.63037,0.134787,0.176682,0.176682
2.63437,0.211729,0.199229,0.199229
2.63836,0.25834,0.214794,0.214794
2.64236,0.214812,0.215875,0.215875
2.64635,0.238185,0.231929,0.231929
2.65035,0.25309,0.240469,0.240469
2.65435,0.261942,0.24869,0.24869
2.65834,0.267262,0.253837,0.253837
2.66234,0.273212,0.254003,0.254003
2.66633,0.266323,0.2662,0.2662
2.67033,0.265481,0.261715,0.261715
2.67433,0.225215,0.258135,0.258135
2.67832,0.268344,0.26519,0.26519
2.68232,0.260171,0.261323,0.261323
2.68631,0.348977,0.262912,0.262912
2.69031,0.188846,0.263901,0.263901
2.69431,0.213715,0.25296,0.25296
2.6983,0.339543,0.239468,0.239468
2.7023,0.224726,0.219267,0.219267
2.70629,0.290694,0.198999,0.198999
2.71029,0.277203,0.181839,0.181839
2.71429,0.14513,0.16605,0.16605
2.71828,0.0768012,0.14907,0.14907
2.72228,0.0461286,0.122896,0.122896
2.72627,0.0372287,0.1031,0.1031
2.73027,0.160212,0.0765899,0.0765899
2.73427,0.0151701,0.0498364,0.0498364
2.73826,0.0269302,0.0330139,0.0330139
2.74226,0.0516283,0.0223077,0.0223077
2.74625,0.00697338,0.0121916,0.0121916
2.75025,-0.000916329,-0.00436627,-0.00436627
2.75425,-0.0170852,-0.0331383,-0.0331383
2.75824,-0.0399177,-0.0524993,-0.0524993
2.76224,-0.0409665,-0.0772784,-0.0772784
2.76623,-0.0651488,-0.0975067,-0.0975067
2.77023,-0.144908,-0.113752,-0.113752
2.77423,-0.156281,-0.12785,-0.12785
2.77822,-0.197801,-0.137612,-0.137612
2.78222,-0.24564,-0.155401,-0.155401
2.78621,-0.170883,-0.171793,-0.171793
2.79021,-0.171721,-0.177533,-0.177533
2.79421,-0.156001,-0.186817,-0.186817
2.7982,-0.124467,-0.201297,-0.201297
2.8022,-0.235589,-0.209669,-0.209669
2.80619,-0.22128,-0.207603,-0.207603
2.81019,-0.128296,-0.215099,-0.215099
2.81419,-0.247033,-0.218528,-0.218528
2.81818,-0.315557,-0.226104,-0.226104
2.82218,-0.289893,-0.238739,-0.238739
2.82617,-0.222911,-0.238848,-0.238848
2.83017,-0.253341,-0.239468,-0.239468
2.83417,-0.209445,-0.247238,-0.247238
2.83816,-0.23933,-0.244928,-0.244928
2.84216,-0.26346,-0.231124,-0.231124
2.84615,-0.236781,-0.220588,-0.220588
2.85015,-0.228096,-0.213321,-0.213321
2.85415,-0.213772,-0.212276,-0.212276
2.85814,-0.221621,-0.205234,-0.205234
2.86214,-0.16371,-0.205622,-0.205622
2.86613,-0.174001,-0.191564,-0.191564
2.87013,-0.14297,-0.174236,-0.174236
2.87413,-0.241853,-0.164212,-0.164212
2.87812,-0.131981,-0.147843,-0.147843
2.88212,-0.243601,-0.126757,-0.126757
2.88611,-0.108824,-0.113432,-0.113432
2.89011,-0.046169,-0.107061,-0.107061
2.89411,-0.117827,-0.0959383,-0.0959383
2.8981,-0.0337219,-0.0734556,-0.0734556
2.9021,0.0103307,-0.0658949,-0.0658949
2.90609,-0.017132,-0.0328849,-0.0328849
2.91009,-0.103921,-0.0164545,-0.0164545
2.91409,-0.0206227,-0.00475599,-0.00475599
2.91808,0.00545649,0.0119701,0.0119701
2.92208,-0.0488128,0.0260561,0.0260561
2.92607,0.11951,0.0368744,0.0368744
2.93007,0.0719098,0.0506589,0.0506589
2.93407,0.0825149,0.0740854,0.0740854
2.93806,0.0661601,0.092373,0.092373
2.94206,0.121224,0.107618,0.107618
2.94605,0.129332,0.133402,0.133402
2.95005,0.134497,0.140363,0.140363
2.95405,0.15377,0.151604,0.151604
2.95804,0.180541,0.169903,0.169903
2.96204,0.173151,0.181519,0.181519
2.96603,0.234813,0.185379,0.185379
2.97003,0.196074,0.194888,0.194888
2.97403,0.195571,0.208225,0.208225
2.97802,0.283803,0.214896,0.214896
2.98202,0.193932,0.226859,0.226859
2.98601,0.163683,0.230776,0.230776
2.99001,0.23393,0.22936,0.22936
2.99401,0.281202,0.226607,0.226607
2.998,0.22715,0.22098,0.22098
3.002,0.312142,0.209408,0.209408
3.00599,0.216241,0.208743,0.208743
3.00999,0.219235,0.21108,0.21108
3.01399,0.165792,0.208453,0.208453
3.01798,0.133674,0.199863,0.199863
3.02198,0.156507,0.191522,0.191522
3.02597,0.186615,0.175651,0.175651
3.02997,0.189389,0.167652,0.167652
3.03397,0.205032,0.15807,0.15807
3.03796,0.18672,0.154311,0.154311
3.04196,0.135394,0.146288,0.146288
3.04595,0.137563,0.136084,0.136084
3.04995,0.128252,0.120833,0.120833
3.05395,0.113837,0.105885,0.105885
3.05794,0.124443,0.0956993,0.0956993
3.06194,0.0454162,0.0817068,0.0817068
3.06593,0.0442589,0.0665269,0.0665269
3.06993,0.018856,0.0450743,0.0450743
3.07393,0.0249628,0.020259,0.020259
3.07792,0.0929889,0.00288235,0.00288235
3.08192,0.0328031,-0.0153144,-0.0153144
3.08591,-0.0315845,-0.0291883,-0.0291883
3.08991,-0.0984158,-0.0456267,-0.0456267
3.09391,-0.144716,-0.053015,-0.053015
3.0979,-0.0773064,-0.0639828,-0.0639828
3.1019,-0.0757208,-0.0864129,-0.0864129
3.10589,-0.107197,-0.103458,-0.103458
3.10989,-0.136564,-0.117711,-0.117711
3.11389,-0.0624152,-0.128484,-0.128484
3.11788,-0.0956829,-0.12965,-0.12965
3.12188,-0.153742,-0.141117,-0.141117
3.12587,-0.154693,-0.15277,-0.15277
3.12987,-0.188372,-0.160888,-0.160888
3.13387,-0.216913,-0.166303,-0.166303
3.13786,-0.157548,-0.177806,-0.177806
3.14186,-0.20344,-0.1851,-0.1851
3.14585,-0.203903,-0.187808,-0.187808
3.14985,-0.196491,-0.192112,-0.192112
3.15385,-0.196136,-0.193081,-0.193081
3.15784,-0.188943,-0.189622,-0.189622
3.16184,-0.175919,-0.18592,-0.18592
3.16583,-0.183536,-0.180291,-0.180291
3.16983,-0.20203,-0.183353,-0.183353
3.17383,-0.199035,-0.187893,-0.187893
3.17782,-0.178866,-0.182792,-0.182792
3.18182,-0.116818,-0.187942,-0.187942
3.18581,-0.141528,-0.19412,-0.19412
3.18981,-0.237581,-0.191995,-0.191995
3.19381,-0.246431,-0.180897,-0.180897
3.1978,-0.140026,-0.17276,-0.17276
3.2018,-0.245588,-0.169198,-0.169198
3.20579,-0.243884,-0.169658,-0.169658
3.20979,-0.160157,-0.159875,-0.159875
3.21379,-0.0799486,-0.142627,-0.142627
3.21778,-0.109535,-0.125565,-0.125565
3.22178,-0.13968,-0.114506,-0.114506
3.22577,-0.121874,-0.0938418,-0.0938418
3.22977,-0.0339222,-0.0716974,-0.0716974
3.23377,-0.0478503,-0.0568629,-0.0568629
3.23776,-0.0587484,-0.0460371,-0.0460371
3.24176,-0.0183808,-0.0330585,-0.0330585
3.24575,-0.0182799,-0.0131171,-0.0131171
3.24975,-0.000296006,0.00649648,0.00649648
3.25375,0.00302308,0.0150627,0.0150627
3.25774,0.0391351,0.0281264,0.0281264
3.26174,0.0332293,0.0460918,0.0460918
3.26573,0.0796756,0.0654044,0.0654044
3.26973,0.0938758,0.0816557,0.0816557
3.27373,0.0603065,0.0974846,0.0974846
3.27772,0.0958504,0.102731,0.102731
3.28172,0.138871,0.112171,0.112171
3.28571,0.194057,0.131957,0.131957
3.28971,0.160485,0.146034,0.146034
3.29371,0.173822,0.147468,0.147468
3.2977,0.060733,0.159748,0.159748
3.3017,0.14298,0.172305,0.172305
3.30569,0.250875,0.17274,0.17274
3.30969,0.234513,0.173065,0.173065
3.31369,0.10965,0.179061,0.179061
3.31768,0.195386,0.178357,0.178357
3.32168,0.233986,0.191435,0.191435
3.32567,0.143649,0.195537,0.195537
3.32967,0.197635,0.18889,0.18889
3.33367,0.226445,0.183349,0.183349
3.33766,0.166075,0.189196,0.189196
3.34166,0.204594,0.186042,0.186042
3.34565,0.188102,0.176452,0.176452
3.34965,0.177749,0.172823,0.172823
3.35365,0.173571,0.16475,0.16475
3.35764,0.173969,0.15519,0.15519
3.36164,0.160686,0.145611,0.145611
3.36563,0.128502,0.138924,0.138924
3.36963,0.103725,0.132625,0.132625
3.37363,0.10883,0.12706,0.12706
3.37762,0.121292,0.116472,0.116472
3.38162,0.0607043,0.101282,0.101282
3.38561,0.131031,0.0940235,0.0940235
3.38961,0.118815,0.0876927,0.0876927
3.39361,0.116537,0.0835993,0.0835993
3.3976,0.0571034,0.0765054,0.0765054
3.4016,0.00687562,0.0601598,0.0601598
3.40559,0.0808431,0.0465222,0.0465222
3.40959,0.0588641,0.0290324,0.0290324
3.41359,0.0586967,0.0135515,0.0135515
3.41758,0.0307969,-0.00032869,-0.00032869
3.42158,-0.05851,-0.0132694,-0.0132694
3.42557,-0.0893087,-0.0222734,-0.0222734
3.42957,-0.0613568,-0.0391018,-0.0391018
3.43357,-0.0514743,-0.0543235,-0.0543235
3.43756,-0.0361455,-0.0693706,-0.0693706
3.44156,-0.0852444,-0.086223,-0.086223
3.44555,-0.0921686,-0.0914972,-0.0914972
3.44955,-0.104269,-0.101404,-0.101404
3.45355,-0.108575,-0.11263,-0.11263
3.45754,-0.106822,-0.116877,-0.116877
3.46154,-0.154579,-0.124974,-0.124974
3.46553,-0.116526,-0.134637,-0.134637
3.46953,-0.198287,-0.147468,-0.147468
3.47353,-0.184844,-0.159201,-0.159201
3.47752,-0.0981853,-0.170561,-0.170561
3.48152,-0.12521,-0.169203,-0.169203
3.48551,-0.191544,-0.175576,-0.175576
3.48951,-0.233302,-0.176906,-0.176906
3.49351,-0.233333,-0.171771,-0.171771
3.4975,-0.233539,-0.173975,-0.173975
3.5015,-0.0918842,-0.173344,-0.173344
3.50549,-0.224684,-0.17227,-0.17227
3.50949,-0.131149,-0.168795,-0.168795
3.51349,-0.141804,-0.159062,-0.159062
3.51748,-0.209086,-0.14816,-0.14816
3.52148,-0.0912522,-0.13968,-0.13968
3.52547,-0.113394,-0.140383,-0.140383
3.52947,-0.15332,-0.129042,-0.129042
3.53347,-0.126236,-0.12514,-0.12514
3.53746,-0.113408,-0.120689,-0.120689
3.54146,-0.140263,-0.108607,-0.108607
3.54545,-0.0996178,-0.104714,-0.104714
3.54945,-0.0999341,-0.101385,-0.101385
3.55345,-0.0882214,-0.0858125,-0.0858125
3.55744,-0.092852,-0.0771299,-0.0771299
3.56144,-0.0761802,-0.064049,-0.064049
3.56543,-0.0484253,-0.0454857,-0.0454857
3.56943,-0.0767808,-0.0378616,-0.0378616
3.57343,0.0179814,-0.0319167,-0.0319167
3.57742,-0.0307279,-0.0219275,-0.0219275
3.58142,0.0304827,-0.00898548,-0.00898548
3.58541,0.0639321,0.00943356,0.00943356
3.58941,-0.0157523,0.0220994,0.0220994
3.59341,-0.0345399,0.0393357,0.0393357
3.5974,0.0216593,0.040499,0.040499
3.6014,0.0495106,0.0588725,0.0588725
3.60539,0.126429,0.0645165,0.0645165
3.60939,0.0908987,0.0726057,0.0726057
3.61339,0.112819,0.0850072,0.0850072
3.61738,0.0307772,0.097919,0.097919
3.62138,0.171381,0.107566,0.107566
3.62537,0.0925672,0.115706,0.115706
3.62937,0.152913,0.11811,0.11811
3.63337,0.120664,0.123524,0.123524
3.63736,0.10749,0.128202,0.128202
3.64136,0.127778,0.137936,0.137936
3.64535,0.139045,0.139639,0.139639
3.64935,0.152876,0.14917,0.14917
3.65335,0.150451,0.145314,0.145314
3.65734,0.16428,0.148426,0.148426
3.66134,0.137854,0.156429,0.156429
3.66533,0.190108,0.161417,0.161417
3.66933,0.197407,0.158663,0.158663
3.67333,0.110497,0.162578,0.162578
3.67732,0.154895,0.159141,0.159141
3.68132,0.195533,0.153456,0.153456
3.68531,0.182643,0.151156,0.151156
3.68931,0.108748,0.140666,0.140666
3.69331,0.195947,0.125331,0.125331
3.6973,0.112642,0.122437,0.122437
3.7013,0.101741,0.111715,0.111715
3.70529,0.112552,0.102285,0.102285
3.70929,0.0747229,0.0939164,0.0939164
3.71329,0.0287216,0.0913553,0.0913553
3.71728,0.0786591,0.0742779,0.0742779
3.72128,0.0369604,0.0675716,0.0675716
3.72527,0.0917983,0.0599575,0.0599575
3.72927,0.0905883,0.0499446,0.0499446
3.73327,0.080576,0.0425417,0.0425417
3.73726,0.0080949,0.0393882,0.0393882
3.74126,0.0388735,0.0296951,0.0296951
3.74525,0.0179858,0.0225882,0.0225882
3.74925,0.00241015,0.00855464,0.00855464
3.75325,-0.00670946,-0.00762281,-0.00762281
3.75724,-0.00596621,-0.0211083,-0.0211083
3.76124,-0.0279651,-0.0242414,-0.0242414
3.76523,-0.0412161,-0.0346707,-0.0346707
3.76923,-0.0625706,-0.0440391,-0.0440391
3.77323,-0.0873638,-0.0587264,-0.0587264
3.77722,-0.067764,-0.0644886,-0.0644886
3.78122,-0.0263693,-0.0756726,-0.0756726
3.78521,-0.0758491,-0.0871561,-0.0871561
3.78921,-0.0850662,-0.093331,-0.093331
3.79321,-0.15915,-0.0986946,-0.0986946
3.7972,-0.0700942,-0.101184,-0.101184
3.8012,-0.12899,-0.1052,-0.1052
3.80519,-0.154284,-0.116596,-0.116596
3.80919,-0.10914,-0.126871,-0.126871
3.81319,-0.12157,-0.131323,-0.131323
3.81718,-0.114747,-0.131947,-0.131947
3.82118,-0.111945,-0.138738,-0.138738
3.82517,-0.151716,-0.140693,-0.140693
3.82917,-0.188882,-0.139387,-0.139387
3.83317,-0.13404,-0.142258,-0.142258
3.83716,-0.16601,-0.142327,-0.142327
3.84116,-0.144795,-0.144388,-0.144388
3.84515,-0.1505,-0.145912,-0.145912
3.84915,-0.139908,-0.144819,-0.144819
3.85315,-0.140726,-0.137664,-0.137664
3.85714,-0.122331,-0.130524,-0.130524
3.86114,-0.137418,-0.124715,-0.124715
3.86513,-0.128706,-0.123682,-0.123682
3.86913,-0.139689,-0.114839,-0.114839
3.87313,-0.110182,-0.107035,-0.107035
3.87712,-0.0554988,-0.101444,-0.101444
3.88112,-0.102107,-0.0944395,-0.0944395
3.88511,-0.13344,-0.0836515,-0.0836515
3.88911,-0.0532195,-0.0730645,-0.0730645
3.89311,-0.054067,-0.0579947,-0.0579947
3.8971,-0.0792276,-0.051054,-0.051054
3.9011,-0.0452785,-0.0489038,-0.0489038
3.90509,-0.0187497,-0.0351869,-0.0351869
3.90909,-0.0122496,-0.0229844,-0.0229844
3.91309,0.0260783,-0.0172289,-0.0172289
3.91708,-0.0338347,-0.00652875,-0.00652875
3.92108,-0.0318458,0.00786291,0.00786291
3.92507,0.0487785,0.0182435,0.0182435
3.92907,0.000787382,0.0272946,0.0272946
3.93307,0.0100907,0.0367374,0.0367374
3.93706,0.0636348,0.0424096,0.0424096
3.94106,0.0790807,0.0567172,0.0567172
3.94505,0.0689083,0.0699484,0.0699484
3.94905,0.0808121,0.0743049,0.0743049
3.95305,0.0916214,0.086588,0.086588
3.95704,0.0884722,0.0972585,0.0972585
3.96104,0.123549,0.0985736,0.0985736
3.96503,0.113698,0.107433,0.107433
3.96903,0.0967,0.117043,0.117043
3.97303,0.135901,0.127345,0.127345
3.97702,0.127467,0.13661,0.13661
3.98102,0.0781005,0.143606,0.143606
3.98501,0.176535,0.141082,0.141082
3.98901,0.174613,0.140843,0.140843
3.99301,0.194134,0.147198,0.147198
3.997,0.193538,0.150103,0.150103
4.001,0.16543,0.146042,0.146042
4.00499,0.0957902,0.146996,0.146996
4.00899,0.11106,0.138672,0.138672
4.01299,0.166607,0.135308,0.135308
4.01698,0.167858,0.127724,0.127724
4.02098,0.0827902,0.118792,0.118792
4.02497,0.0885989,0.110828,0.110828
4.02897,0.084969,0.109401,0.109401
4.03297,0.137612,0.105275,0.105275
4.03696,0.110706,0.0961395,0.0961395
4.04096,0.095295,0.0838836,0.0838836
4.04496,0.0778219,0.0784311,0.0784311
4.04895,0.0800915,0.0722678,0.0722678
4.05295,0.0656743,0.0686114,0.0686114
4.05694,0.0661179,0.0553274,0.0553274
4.06094,0.0330426,0.0462479,0.0462479
4.06493,0.0228136,0.040579,0.040579
4.06893,0.0208016,0.0318019,0.0318019
4.07293,0.044749,0.0221641,0.0221641
4.07692,-0.0085114,0.0157215,0.0157215
4.08092,0.0108312,0.00751511,0.00751511
4.08492,0.0329371,-0.00116403,-0.00116403
4.08891,-0.0187266,-0.0113102,-0.0113102
4.09291,-0.025924,-0.0189059,-0.0189059
4.0969,-0.00519508,-0.0256722,-0.0256722
4.1009,-0.0241518,-0.0335275,-0.0335275
4.1049,-0.0624279,-0.0386699,-0.0386699
4.10889,-0.0887944,-0.0523234,-0.0523234
4.11289,-0.0627511,-0.0596226,-0.0596226
4.11688,-0.0296802,-0.0650867,-0.0650867
4.12088,-0.0949192,-0.0733756,-0.0733756
4.12488,-0.0457361,-0.0821177,-0.0821177
4.12887,-0.117251,-0.0871855,-0.0871855
4.13287,-0.0990183,-0.0905037,-0.0905037
4.13686,-0.0860289,-0.0955821,-0.0955821
4.14086,-0.0963726,-0.103224,-0.103224
4.14486,-0.120315,-0.106722,-0.106722
4.14885,-0.118174,-0.112292,-0.112292
4.15285,-0.125294,-0.112872,-0.112872
4.15684,-0.118614,-0.118782,-0.118782
4.16084,-0.113744,-0.1219,-0.1219
4.16483,-0.133391,-0.119306,-0.119306
4.16883,-0.107005,-0.114395,-0.114395
4.17283,-0.123633,-0.113543,-0.113543
4.17682,-0.16403,-0.109943,-0.109943
4.18082,-0.120322,-0.10731,-0.10731
4.18482,-0.0678469,-0.109836,-0.109836
4.18881,-0.0662935,-0.107164,-0.107164
4.19281,-0.108802,-0.106159,-0.106159
4.1968,-0.0856885,-0.105458,-0.105458
4.2008,-0.0896479,-0.0955698,-0.0955698
4.20479,-0.141541,-0.0909069,-0.0909069
4.20879,-0.10399,-0.0866573,-0.0866573
4.21279,-0.0959511,-0.0857125,-0.0857125
4.21678,-0.115928,-0.0765686,-0.0765686
4.22078,-0.0552576,-0.0693431,-0.0693431
4.22478,-0.0690302,-0.0629153,-0.0629153
4.22877,-0.0211007,-0.0502001,-0.0502001
4.23277,-0.0559015,-0.0404608,-0.0404608
4.23676,-0.00821941,-0.0306931,-0.0306931
4.24076,-0.006208,-0.0167463,-0.0167463
4.24476,-0.018942,-0.0101744,-0.0101744
4.24875,-0.00167279,0.00142313,0.00142313
4.25275,0.00314247,0.00949807,0.00949807
4.25674,0.0114928,0.0222935,0.0222935
4.26074,0.0374874,0.0260916,0.0260916
4.26474,0.0170338,0.0352617,0.0352617
4.26873,0.0585423,0.041851,0.041851
4.27273,0.0677237,0.0498641,0.0498641
4.27672,0.0848486,0.0589212,0.0589212
4.28072,0.0335591,0.0641122,0.0641122
4.28472,0.0946633,0.0681986,0.0681986
4.28871,0.05354,0.0782497,0.0782497
4.29271,0.0864719,0.0862903,0.0862903
4.2967,0.102771,0.0875089,0.0875089
4.3007,0.0685932,0.0901622,0.0901622
4.3047,0.0824381,0.0969117,0.0969117
4.30869,0.127596,0.0963771,0.0963771
4.31269,0.146988,0.100058,0.100058
4.31668,0.0811286,0.102943,0.102943
4.32068,0.114035,0.105254,0.105254
4.32468,0.107803,0.108778,0.108778
4.32867,0.0887827,0.111053,0.111053
4.33267,0.0940293,0.109504,0.109504
4.33666,0.118208,0.106102,0.106102
4.34066,0.128187,0.108991,0.108991
4.34466,0.107359,0.1074,0.1074
4.34865,0.107461,0.107018,0.107018
4.35265,0.110557,0.109517,0.109517
4.35664,0.109573,0.107816,0.107816
4.36064,0.112909,0.102719,0.102719
4.36464,0.0965285,0.0957094,0.0957094
4.36863,0.103604,0.0922945,0.0922945
4.37263,0.116273,0.0904011,0.0904011
4.37662,0.0753196,0.0850767,0.0850767
4.38062,0.0621351,0.0814706,0.0814706
4.38461,0.0510856,0.0737027,0.0737027
4.38861,0.0697949,0.0705059,0.0705059
4.39261,0.0866332,0.0579994,0.0579994
4.3966,0.0519893,0.0451891,0.0451891
4.4006,0.0699055,0.0368462,0.0368462
4.4046,0.0274617,0.0288902,0.0288902
4.40859,0.0613636,0.0239415,0.0239415
4.41259,-0.033968,0.0139895,0.0139895
4.41658,-0.0246401,0.00306842,0.00306842
4.42058,-0.0164525,-0.00654011,-0.00654011
4.42458,-0.0253816,-0.0175097,-0.0175097
4.42857,-0.00334975,-0.0257521,-0.0257521
4.43257,-0.0396771,-0.0371467,-0.0371467
4.43656,-0.0334983,-0.0412738,-0.0412738
4.44056,-0.0537046,-0.0478065,-0.0478065
4.44456,-0.0507602,-0.0555523,-0.0555523
4.44855,-0.0632045,-0.0613005,-0.0613005
4.45255,-0.0639768,-0.0684272,-0.0684272
4.45654,-0.0793662,-0.0709708,-0.0709708
4.46054,-0.0965002,-0.0782017,-0.0782017
4.46454,-0.101656,-0.0864672,-0.0864672
4.46853,-0.0886118,-0.0887032,-0.0887032
4.47253,-0.081743,-0.0937712,-0.0937712
4.47652,-0.0676573,-0.0987133,-0.0987133
4.48052,-0.113038,-0.0981753,-0.0981753
4.48452,-0.144625,-0.0949646,-0.0949646
4.48851,-0.0753559,-0.0952645,-0.0952645
4.49251,-0.118953,-0.0923518,-0.0923518
4.4965,-0.11834,-0.0955603,-0.0955603
4.5005,-0.0734473,-0.0996737,-0.0996737
4.5045,-0.0611824,-0.0990388,-0.0990388
4.50849,-0.104956,-0.0915825,-0.0915825
4.51249,-0.0565719,-0.0930824,-0.0930824
4.51648,-0.117037,-0.0876593,-0.0876593
4.52048,-0.112905,-0.0834233,-0.0834233
4.52448,-0.106055,-0.0832922,-0.0832922
4.52847,-0.062606,-0.0835211,-0.0835211
4.53247,-0.0918544,-0.079039,-0.079039
4.53646,-0.0592981,-0.0789065,-0.0789065
4.54046,-0.0717453,-0.0723548,-0.0723548
4.54446,-0.0720046,-0.0645144,-0.0645144
4.54845,-0.0637003,-0.0587892,-0.0587892
4.55245,-0.0556522,-0.0574607,-0.0574607
4.55644,-0.0551145,-0.0506192,-0.0506192
4.56044,-0.0449682,-0.0429394,-0.0429394
4.56444,-0.0266606,-0.0368601,-0.0368601
4.56843,-0.0430775,-0.0271147,-0.0271147
4.57243,-0.0479921,-0.0190532,-0.0190532
4.57642,-0.0165982,-0.0106239,-0.0106239
4.58042,0.02518,-0.00294036,-0.00294036
4.58442,-0.00487237,0.00549192,0.00549192
4.58841,0.0351941,0.016158,0.016158
4.59241,0.0249766,0.0239268,0.0239268
4.5964,0.03707,0.0366332,0.0366332
4.6004,0.0294044,0.0412773,0.0412773
4.6044,0.0477869,0.0427689,0.0427689
4.60839,0.0906665,0.0490897,0.0490897
4.61239,0.0423786,0.054964,0.054964
4.61638,0.0917787,0.0587951,0.0587951
4.62038,0.0344869,0.0638187,0.0638187
4.62438,0.0415878,0.0696881,0.0696881
4.62837,0.0646563,0.0737537,0.0737537
4.63237,0.0998116,0.0743675,0.0743675
4.63636,0.0671181,0.079714,0.079714
4.64036,0.09233,0.08131,0.08131
4.64436,0.0939679,0.087132,0.087132
4.64835,0.0925076,0.0907409,0.0907409
4.65235,0.0974192,0.0919741,0.0919741
4.65634,0.10119,0.0900806,0.0900806
4.66034,0.109335,0.0896458,0.0896458
4.66434,0.0985289,0.0859743,0.0859743
4.66833,0.0812857,0.0881742,0.0881742
4.67233,0.0782219,0.0876311,0.0876311
4.67632,0.0789823,0.0877907,0.0877907
4.68032,0.0623353,0.0878991,0.0878991
4.68432,0.0519435,0.0829223,0.0829223
4.68831,0.118167,0.0787424,0.0787424
4.69231,0.0865343,0.0749342,0.0749342
4.6963,0.0991742,0.0728968,0.0728968
4.7003,0.102382,0.0670234,0.0670234
4.7043,0.0545904,0.0635927,0.0635927
4.70829,0.0525505,0.0605298,0.0605298
4.71229,0.0393951,0.0519757,0.0519757
4.71628,0.0558103,0.047748,0.047748
4.72028,0.0143747,0.0390206,0.0390206
4.72428,0.0245982,0.0300158,0.0300158
4.72827,0.0182519,0.0253415,0.0253415
4.73227,0.0240715,0.0201248,0.0201248
4.73626,0.0400298,0.0159424,0.0159424
4.74026,0.00317246,0.00887314,0.00887314
4.74426,0.00332866,0.0039969,0.0039969
4.74825,0.00317324,0.00109443,0.00109443
4.75225,-0.0048327,-0.00436889,-0.00436889
4.75624,-0.00661147,-0.0103919,-0.0103919
4.76024,-0.0219517,-0.0190595,-0.0190595
4.76424,-0.0392639,-0.0276978,-0.0276978
4.76823,-0.00732906,-0.0341062,-0.0341062
4.77223,-0.0418446,-0.0400191,-0.0400191
4.77622,-0.0421813,-0.0433112,-0.0433112
4.78022,-0.0553137,-0.0489102,-0.0489102
4.78422,-0.0918487,-0.0537649,-0.0537649
4.78821,-0.0671643,-0.0553549,-0.0553549
4.79221,-0.0618682,-0.0608565,-0.0608565
4.7962,-0.0410466,-0.0622608,-0.0622608
4.8002,-0.0681997,-0.0647966,-0.0647966
4.8042,-0.075354,-0.0675529,-0.0675529
4.80819,-0.0567537,-0.0673624,-0.0673624
4.81219,-0.0678467,-0.0676406,-0.0676406
4.81618,-0.0572922,-0.0703842,-0.0703842
4.82018,-0.0700744,-0.0742916,-0.0742916
4.82418,-0.0856337,-0.0759376,-0.0759376
4.82817,-0.0897528,-0.0768137,-0.0768137
4.83217,-0.0702247,-0.0792091,-0.0792091
4.83616,-0.0920474,-0.079704,-0.079704
4.84016,-0.0840281,-0.0803477,-0.0803477
4.84416,-0.0863059,-0.0820192,-0.0820192
4.84815,-0.0849913,-0.079686,-0.079686
4.85215,-0.0831034,-0.0763382,-0.0763382
4.85614,-0.0732902,-0.0767766,-0.0767766
4.86014,-0.0643734,-0.0712414,-0.0712414
4.86414,-0.0884606,-0.067329,-0.067329
4.86813,-0.0599683,-0.0601804,-0.0601804
4.87213,-0.052927,-0.0570272,-0.0570272
4.87612,-0.0750475,-0.0525838,-0.0525838
4.88012,-0.0311597,-0.051053,-0.051053
4.88412,-0.040992,-0.0470489,-0.0470489
4.88811,-0.00767145,-0.0400435,-0.0400435
4.89211,-0.0503058,-0.0376195,-0.0376195
4.8961,-0.0342259,-0.0340941,-0.0340941
4.9001,-0.0564511,-0.0262954,-0.0262954
4.9041,-0.0203282,-0.0207036,-0.0207036
4.90809,-0.0114016,-0.0137176,-0.0137176
4.91209,-0.033304,-0.0118108,-0.0118108
4.91608,-0.0141474,-0.0030253,-0.0030253
4.92008,0.0107375,0.00299913,0.00299913
4.92408,0.0303503,0.0119031,0.0119031
4.92807,0.0358538,0.0182033,0.0182033
4.93207,0.0133033,0.0237358,0.0237358
4.93606,0.0463351,0.0318706,0.0318706
4.94006,0.0320429,0.0380543,0.0380543
4.94406,0.0414926,0.0436521,0.0436521
4.94805,0.0489741,0.0469261,0.0469261
4.95205,0.0494553,0.0503326,0.0503326
4.95604,0.0561789,0.0570664,0.0570664
4.96004,0.053873,0.0596647,0.0596647
4.96404,0.0723133,0.0614819,0.0614819
4.96803,0.0663648,0.0632845,0.0632845
4.97203,0.0733254,0.0660561,0.0660561
4.97602,0.0873747,0.0702181,0.0702181
4.98002,0.0749172,0.0651109,0.0651109
4.98402,0.052032,0.0602133,0.0602133
4.98801,0.0613211,0.0536394,0.0536394
4.99201,0.0794618,0.0476062,0.0476062
4.996,0.0952364,0.0409403,0.0409403
5,2.122e-314,0,0